market_id,product_id,firm_id,price,shares,xi,marginal_cost,x1,x2,x3,outside_share
0,0,2,2.9918579392141913,0.03018577126655826,2.1416476008704612,1.455478614546125,0.30471707975443135,-1.0399841062404955,0.7504511958064572,0.3921705834128748
0,1,2,2.3087085672100147,0.03029354842690823,-0.4064150163846156,1.8836825021680526,0.9405647163912139,-1.9510351886538364,-1.302179506862318,0.3921705834128748
0,2,2,0.7331618083062137,0.0791732456648372,-0.5122427290715373,0.8730759652519607,0.12784040316728537,-0.3162425923435822,-0.016801157504288795,0.3921705834128748
0,3,0,0.5,0.05321203458251188,-0.8137727282478777,0.6998609777573302,-0.85304392757358,0.8793979748628286,0.7777919354289483,0.3921705834128748
0,4,0,1.6524566955150153,0.10931173946590046,0.6159794225754956,1.0703878843511898,0.06603069756121605,1.1272412069680329,0.4675093422520456,0.3921705834128748
0,5,2,1.4039210950566736,0.12501546572606395,1.1289722927208916,0.6948636411696631,-0.8592924628832382,0.36875078408249884,-0.9588826008289989,0.3921705834128748
0,6,2,2.535102652557894,0.025878604334299584,-0.11394745765487507,2.015069697313846,0.8784503013072725,-0.049925910986252896,-0.18486236354526056,0.3921705834128748
0,7,2,0.7184545675088657,0.06693292353471465,-0.840156476962528,0.7607989806666847,-0.6809295444039414,1.2225413386740303,-0.15452948206880215,0.3921705834128748
0,8,1,0.7876107602525908,0.02682622851446364,-0.8244812156912396,0.9895649843596422,-0.4283278221631072,-0.3521335504882296,0.5323091855533487,0.3921705834128748
0,9,0,2.0147116744057234,0.06099985507086731,0.6505927878247011,1.2250672654109422,0.36544406436407834,0.4127326115959884,0.43082100300788273,0.3921705834128748
1,0,1,1.701951028926365,0.01613533951692477,0.4525384189795919,1.0942068323449425,-0.6348131639714567,-1.163473799792271,0.16205955906287475,0.41211885875749177
1,1,2,2.63254908463723,0.016469300544724372,0.32084964632460716,1.6774613820256805,0.7297156737837084,-1.5870983007982418,0.02512871121603335,0.41211885875749177
1,2,1,1.1764835553409874,0.08498210619832247,0.2386007909284437,0.9499090952379793,-0.21993579526633558,0.3415086855368029,-0.012938768103588062,0.41211885875749177
1,3,2,1.4100429204433418,0.04616505870830549,1.5777682049318862,0.45289043504492354,-1.4535992799316308,-1.2623892988571654,0.029423575584972723,0.41211885875749177
1,4,0,1.328102582793219,0.03942314576544665,-1.067593769044886,1.4907065201365788,1.0287809197455093,-2.214187371043003,0.34572657980157995,0.41211885875749177
1,5,2,2.5995920887496906,0.037709244497371786,-0.05493486620291775,1.9763994339224804,1.1896220052876432,-0.1530258762062131,0.5502024960264408,0.41211885875749177
1,6,2,1.4189939836158738,0.12153409581135785,1.1326898205195888,0.6523025584794563,-0.7030690808978022,-0.11936619927687682,-1.6209135183081516,0.41211885875749177
1,7,2,1.1059471812687682,0.15209509750235756,1.2645398093380364,0.3057629224580798,-2.344343308418874,0.9427658012252752,-0.9849949277244419,0.41211885875749177
1,8,2,0.5,0.026912659623429862,-1.4217636493445729,0.8153120866235288,-0.4555278450034305,-1.3864422532701932,-1.4099697030838758,0.41211885875749177
1,9,1,0.8354760524405301,0.04645509307426736,-0.3123554416558699,0.7480089703781899,-0.17383770009461635,-0.7295771941356465,0.37797099799469847,0.41211885875749177
2,0,1,2.3743738780322836,0.017742223119540004,-0.051567839476213594,1.922202548633907,0.6684176852860094,-0.6696814280722031,0.05183209899284673,0.38767267066413724
2,1,1,1.2936965929241808,0.07042294181081668,0.546667032616485,0.900128503196187,-0.6236025096293596,-0.5265066965161149,-1.1249293551021546,0.38767267066413724
2,2,1,3.4875310804955078,0.02972463371773982,0.5547965217253135,2.5241063355778057,1.2657749251665555,1.0656851747200478,0.5374338542273371,0.38767267066413724
2,3,1,3.9211236798943725,0.02145972273477061,0.6766145517765254,2.7125574429837065,1.972195951943814,-0.18924569656839169,3.0317624151106344,0.38767267066413724
2,4,0,1.2112664256721526,0.03421189998265654,-0.6448603066373296,1.1266826442102138,-0.22752941536322038,0.25519335175601643,-0.39777791394020817,0.38767267066413724
2,5,1,0.9566717917152988,0.30804381346733545,0.34044044350154545,0.7101890751559325,0.372325560060305,0.8356149278862445,-0.11391639305308393,0.38767267066413724
2,6,0,3.5583842174005356,0.01148280687162044,-0.8760594641105784,3.14963375861742,1.7767198471176207,0.23914928463346072,0.2704853861101991,0.38767267066413724
2,7,2,0.5,0.06654174452767797,-0.6196429830140117,0.6694070902885861,-0.9089976945137175,0.4184990745503845,-0.1340272208093656,0.38767267066413724
2,8,2,0.6630478639388818,0.017530743870108768,-0.9177089745002595,0.8904868132428407,-0.6082397293372869,-0.7764744081483639,2.671763379756685,0.38767267066413724
2,9,1,0.5467525281235001,0.03516679923359651,-1.1883888545982695,0.9824246450060768,-0.2634772501790354,-1.4569854207812678,-0.6982214597325725,0.38767267066413724
3,0,0,2.1454255354149723,0.12978274370051246,1.12948231294792,1.1964918826782867,0.36100110363144033,0.7161957397126754,-0.09389182651836551,0.45531276058407655
3,1,1,1.6785523419454171,0.08052371169801377,-0.32153578465392746,1.3569223290689187,1.079123779324209,0.007989308907942713,0.7928471185176799,0.45531276058407655
3,2,0,0.6810850954606371,0.020628011606658923,-1.0576547961228648,1.0253373140630209,-0.4898522085891503,-1.8125883665686418,0.26835898801852265,0.45531276058407655
3,3,0,2.4418931585479875,0.045400728138040115,0.32485165851104525,1.8342567070890612,0.7253240631466256,0.5753473318075695,0.42218666143744,0.45531276058407655
3,4,0,0.7383681347490906,0.04946697851342388,-0.3266233335678035,0.828101234216419,-0.3485869659549873,-0.8067462514455923,0.5517282690437805,0.45531276058407655
3,5,2,1.4920808198897406,0.038132087044085036,-0.15606350082190265,1.14113294635764,0.42644741619827503,-0.5608990908438263,1.1094241891920569,0.45531276058407655
3,6,1,0.6875800298858912,0.03431999765320887,-0.29177371915307865,0.621872738571834,-0.8828655145476005,-0.5835233787910404,1.636425212341665,0.45531276058407655
3,7,2,3.1163625244052593,0.08591499429211875,2.2418378000109858,1.496089902158838,0.8685819377339127,-0.3580093058910226,0.2873807096435505,0.45531276058407655
3,8,0,0.5,0.021213339143057806,-2.240704260997945,1.0553623987042422,0.15479224452383833,-2.7456138649773782,-0.9064739494733817,0.45531276058407655
3,9,1,1.1821933637380393,0.0393046476268038,-0.38833390313264615,0.9214350023202681,-0.050846617109281525,-0.3566114765593062,0.24710256483042056,0.45531276058407655
4,0,0,1.354860648285398,0.021946706520269872,-0.546448057547991,1.2087817587402192,-0.5631000774803041,0.47711953787947037,-0.32202262863813463,0.32137420008043205
4,1,0,1.6232050853922164,0.11321007846673535,1.486150645860495,0.5830634941855477,-0.6484181249684061,0.051554563324959245,-1.1469627282664296,0.32137420008043205
4,2,1,1.559397344419155,0.10027330086492327,0.1034571648936973,1.1537276004127863,0.4288032178339101,1.13138676195831,-0.07920404098801156,0.32137420008043205
4,3,0,0.6251579412470699,0.15001726279685385,-0.5592024737257201,0.6536406700122436,-0.2026489933002083,0.3734403532155694,-2.028469418831545,0.32137420008043205
4,4,1,1.8922164027085877,0.10294096289581994,-1.1452279708867228,1.7605693457993756,0.5368174565978674,3.1018858037448633,-0.12267622111472039,0.32137420008043205
4,5,2,1.55702811150182,0.004646536907191269,-1.8717014863994363,1.7677201533010949,-0.11912503371633071,0.7436070000996834,1.645332668197962,0.32137420008043205
4,6,0,0.6158645115407181,0.05735430054032444,-1.2512806335226867,0.9597704227734689,0.974967844434135,-2.1556068785835505,0.5633988376627469,0.32137420008043205
4,7,2,4.242391826596758,0.054786415853100186,0.11195924144437792,3.2612692236957628,2.5719301452416747,0.6224410467594651,-1.1546019132717495,0.32137420008043205
4,8,0,2.585517575847954,0.011925526981670754,0.9802337687226637,1.6826143866107628,0.281829624418614,-1.280687251341067,1.2328036892688596,0.32137420008043205
4,9,0,0.5,0.061524708092678994,-0.5603514924222011,0.401709957131705,-0.9558825880279255,0.07424363469202304,-0.8577800019918477,0.32137420008043205
5,0,0,0.9760325753993345,0.07687715589684634,-0.7422666371576447,0.9814944333576556,-0.00821498041648976,0.6731616050414675,-0.19041175701004545,0.45811823697858256
5,1,2,2.245932877929156,0.034714642395508255,0.17250718838507423,1.6929328515104987,1.1522189966526697,-0.4320395395107805,2.0693711516288884,0.45811823697858256
5,2,2,3.02541496571694,0.07774675583547569,0.013401858218038697,2.2822098771957338,2.122197504272245,0.28207199622729967,0.5526011803546168,0.45811823697858256
5,3,1,2.867549605604922,0.019850705445209133,-0.23408207308014561,2.3583579524996683,1.1916714356246376,-1.1871973989673668,-1.3120000145777906,0.45811823697858256
5,4,2,2.98312785349805,0.07166023018190631,1.0276043614011736,1.8410927817271092,1.2564189138576347,0.2739884728729994,-0.22650524597978958,0.45811823697858256
5,5,0,1.189383563458843,0.017700349046795485,-1.1014142111807836,1.3831394244464825,0.011123302881161038,-2.3860414723640693,-0.19056231445700128,0.45811823697858256
5,6,1,0.5,0.06387346599992248,-1.0411214673926061,0.6472398611622378,-0.7530467391932236,0.9180716336150824,0.9950307783840061,0.45811823697858256
5,7,2,1.2159152947029666,0.09722550631553195,-1.0242252710980422,1.3245617507758622,0.5766802341299105,0.39545864879914155,-1.4973467487202679,0.45811823697858256
5,8,1,1.4472164196982853,0.06549372878641119,-0.3603275874259869,1.1348344923632094,0.5906430799968742,0.6293979455233839,1.2451926537687301,0.45811823697858256
5,9,1,3.011306548484505,0.01673922311781065,-1.2285902159118463,2.877698791589115,2.118209812430197,-1.6925606735716086,-0.38847682561821334,0.45811823697858256
6,0,0,0.5,0.3279117061652273,-0.8268010377310057,0.6593792094119263,-0.3082559113450759,2.678775974966068,-1.5390513077078276,0.23534737098247005
6,1,1,1.2628215397922153,0.0588623478471618,-0.3258272174433068,1.206953558085182,0.9585128590574828,-0.8626709442538306,0.1311954893433961,0.23534737098247005
6,2,2,3.9192502524067674,0.030947614304808243,-0.22692243354181574,3.1899863962800357,2.568587519090185,-0.9623689948240629,-0.7238726548272637,0.23534737098247005
6,3,2,1.2073493044356716,0.04983866691803809,0.748959498198562,0.7390081148771945,-0.01751373715160032,-0.8472169576313617,0.884056350940301,0.23534737098247005
6,4,2,0.7725345066717182,0.02943968899267,-1.1683219148586013,0.9430848782567571,-0.5345294360632951,0.6540096401493369,-1.3291891318000693,0.23534737098247005
6,5,0,1.478579172496602,0.10779460537836989,2.018110556755782,0.3203596783119587,-1.8068315021542254,-0.22898497895304948,-1.568507838037595,0.23534737098247005
6,6,1,1.6583587654374612,0.06404047288985738,-0.7591833874594441,1.6339327000458483,1.5182689127654503,-1.529803490494998,-1.0376866876706978,0.23534737098247005
6,7,0,1.3600782965570581,0.06286526630821851,-0.008749396756593255,1.0929924302445542,0.4136198854746102,-0.5863639500620061,-1.518387969867604,0.23534737098247005
6,8,0,4.193393489583774,0.0021597307959385008,-1.1599894396932418,3.735320943887791,2.0399641600719596,-1.001633803159574,-0.1962578074965492,0.23534737098247005
6,9,0,0.5111940244948892,0.030792529417240203,-1.2981590116406168,0.9606612707332833,-0.20919252010603026,0.7103091519665778,0.4623524606710589,0.23534737098247005
7,0,1,4.212063060922133,0.027428093019759604,1.8381485147660699,2.6008514803751615,1.5951138587973928,0.04529496432508237,0.049745250787830674,0.4109763710050516
7,1,2,3.1268431052825805,0.07586693738370125,1.8743463698801421,1.7200199879446747,0.0989812226027311,0.06931575094112594,-2.6301333566585083,0.4109763710050516
7,2,0,2.135466793636363,0.006893894419459744,-0.0026471312461035243,1.6787546932899082,-0.18550639818972076,-1.3639464716624543,1.6263357022156766,0.4109763710050516
7,3,1,2.7352952371620303,0.08146684664398157,0.28152360509292695,2.0605983308527978,1.5860829917212003,0.8519383324555878,-0.23846743733888845,0.4109763710050516
7,4,1,0.5020112003934107,0.022850522069310344,-0.9808580570370188,0.7392971313471948,-1.0080149366036986,-0.6575810012756048,1.942641906426033,0.4109763710050516
7,5,0,1.306310530957893,0.03529562521043158,0.6425748499394539,0.7255476125837372,-0.6921973865199604,-2.3555953543860637,1.0301655084853936,0.4109763710050516
7,6,2,3.2550551732206934,0.17577626334194213,1.7596491716141998,1.7517529440960569,1.5005031136178935,1.6592156871665222,1.0383480042493285,0.4109763710050516
7,7,0,1.7208111497576244,0.048948852516593575,-1.5292307799446934,1.977837518881565,1.2015196772347811,0.05293407405354185,-2.076295623491663,0.4109763710050516
7,8,2,1.7866435914630707,0.06476867464929084,0.4638832997023938,1.2403460078728872,0.027881041500013633,0.621572772419417,-0.13527005656625035,0.4109763710050516
7,9,0,1.6924406308112436,0.04972791974047777,0.5390222426450403,0.9749788956119997,-0.18083611873961508,-0.9641180390183223,-1.001738743272026,0.4109763710050516
8,0,1,0.5,0.10698507860891061,-0.7370094638846911,0.39599724195280056,-1.5972580227056612,1.6041821201461004,-1.1124834482237107,0.3073191017188833
8,1,0,2.1988908045280233,0.011988316313307478,-0.6821262698445731,1.9217413965707124,0.7937323297297773,-0.2721839946689551,-0.11582790036690063,0.3073191017188833
8,2,2,1.8887946023796498,0.02537478504213107,0.5297428240598223,1.2294130661992508,-0.24110190597014827,0.2556045850514932,0.45752454328089504,0.3073191017188833
8,3,1,3.146914722589074,0.13890878235171036,2.0303634410031015,1.7322200240901666,1.0583615118230683,1.4079488825973783,0.3318215467767024,0.3073191017188833
8,4,0,2.524634968724351,0.1149225826994857,0.8205715980149013,1.6459043094370536,1.7136742391683042,0.09297254282247792,1.077440362252924,0.3073191017188833
8,5,2,2.076381727249308,0.04889778812173811,1.1225981847545703,1.1339217977272276,0.4287196729061473,-0.5492046314253658,0.18123415437984366,0.3073191017188833
8,6,2,1.0541345621948706,0.062480974307622686,-0.37741003144673896,0.8345910775289539,0.5031718775091251,-0.03219813140260729,0.4128565179975563,0.3073191017188833
8,7,1,2.0746618451077916,0.12017523156081836,0.10466536555057791,1.576555182581825,0.8653629593268948,-0.023373141995892747,-2.943887668682481,0.3073191017188833
8,8,2,3.5165878377861803,0.022080800107670388,0.4264824042302869,2.4986635504817123,1.6782701514933709,-0.29759143022032863,-0.8232802208322978,0.3073191017188833
8,9,2,0.5,0.04086655916772193,-0.6595578936427701,0.5255719009525784,-1.1241102956528177,-0.33644590233364485,-0.562747831316982,0.3073191017188833
9,0,2,1.8339421545302843,0.0364914523479651,-0.5836926774892001,1.5179050632974287,0.9566473898452137,0.01657968520745772,-0.2985672123210707,0.3726490805517466
9,1,0,1.6469758365068319,0.023492021462650333,0.05066654017957831,1.2230730730750938,0.13302292052766373,-0.41662036652411394,1.2039092620566303,0.3726490805517466
9,2,0,3.180253144764567,0.21290518177894455,0.4021989159965318,2.2905335872396764,1.8765338741444926,1.4498118303709555,-2.1515632347735676,0.3726490805517466
9,3,0,0.5,0.0680242447934349,-0.5500691093138412,0.6573408471297378,-0.4370267588601139,0.004159138781156173,0.46305796042254327,0.3726490805517466
9,4,1,0.6713456490187312,0.025514875039167183,-0.0955321090036399,0.49631750678222075,-1.727314537702048,-1.7434436603689656,1.3067897496253924,0.3726490805517466
9,5,2,0.8192653822635869,0.036883894935738216,-0.5836103398832501,0.9017161863074258,-0.5591193186097794,-1.4874063384532321,-1.1036408077229607,0.3726490805517466
9,6,2,1.4914504710725898,0.05690236829865098,0.3990591975022172,1.0439966180227578,0.3904746433122149,-0.8225476864634965,0.24162564218405003,0.3726490805517466
9,7,0,0.5,0.011745770072568433,-1.3213941638505806,0.5131026434918774,-0.9787273627465037,-1.7442001273840204,1.4243801632213242,0.3726490805517466
9,8,0,1.8263712932845055,0.060185728457872026,0.571970019247058,1.1551184704321436,0.3981899112889757,-0.3337508612381163,-0.5213617216816094,0.3726490805517466
9,9,0,2.196525882757162,0.09520538226126167,0.3107132017429109,1.7627031098455863,1.464900369075235,0.5915300455287251,1.146813031635759,0.3726490805517466
10,0,1,0.5,0.06338687506105459,-0.5147120225832186,0.4625165548923492,-0.24210483074267797,-1.091030338173488,-0.8735809803291802,0.30487842713264934
10,1,2,0.5796992590604514,0.041951032565708396,-0.7907299144832106,0.7162984368845574,-1.3692469438890817,0.910394719818091,-0.3849151872458864,0.30487842713264934
10,2,0,1.7813342675512085,0.11838982690756479,0.37837183809975755,1.2248375455919702,0.9525005395920663,0.13591440230756358,-0.29281835577044596,0.30487842713264934
10,3,2,0.50032202489128,0.056536821243249845,-0.29234167320751325,0.6032377716583909,-1.1696028349685499,0.30163273296267773,-0.218633016446795,0.30487842713264934
10,4,2,1.016839949381001,0.03864223738654802,-1.2310283366062782,1.2818314498263894,0.9021839279554212,-0.7154106758755986,0.6161077734970362,0.30487842713264934
10,5,2,6.397435468369601,0.001431301899233409,1.9385255423403462,4.128851430550263,1.6408484162225372,0.2725559146597197,0.7852914527418813,0.30487842713264934
10,6,0,1.333547317201901,0.11954423682474632,-0.7914081659625453,1.3817228314008259,0.5718902461775794,1.8980914845175216,0.3715604216938288,0.30487842713264934
10,7,2,1.0621614975867895,0.06608736807962494,-0.9936327119850145,1.1474613273918914,0.69995885173551,-0.036276028515956675,-0.7743885356827591,0.30487842713264934
10,8,0,0.5312802133357953,0.13115278369042133,-0.24213576817937757,0.49936637240746395,-1.208175685681169,1.266924065636675,-1.00835937134254,0.30487842713264934
10,9,1,2.5436848593717674,0.05799908920919899,1.252858569157914,1.4915612234380455,0.7458644997834322,0.41601663038376163,0.9177853448957316,0.30487842713264934
11,0,1,1.0581751504577237,0.04017683995007826,-0.22917831139566916,0.8734652853892088,-0.1031227256474043,-0.19994013798826385,0.6510661227372702,0.3543591357485152
11,1,2,2.4722737427640786,0.13834106638120222,2.6575200205103724,0.7755748638795003,0.1396700822764214,-0.72842279757699,-0.7768521091003517,0.3543591357485152
11,2,1,1.0724503351989318,0.033153663037445484,-1.4344208990075602,1.4086684989805796,0.3059039812816682,0.42865121568327524,-0.3131326443167842,0.3543591357485152
11,3,0,1.0570007231937337,0.07543437794528475,0.5479110814957855,0.6177925854307493,-1.1320056227462443,1.2509651170851321,1.0386046095271007,0.3543591357485152
11,4,2,0.5,0.03830700069690018,-1.048978285172195,0.42183642899933266,-1.987376500973498,1.3395829233135301,-0.2089757973330139,0.3543591357485152
11,5,1,1.4056554521284592,0.06321058739763569,-0.15743687199424147,1.0769474879227354,0.18998708002714262,1.138223060052627,1.6525387866290535,0.3543591357485152
11,6,2,2.0710110179655943,0.127756001480431,0.14863838446267308,1.5582591280198057,1.00286528504553,0.24103049895055914,-1.3756406863029984,0.3543591357485152
11,7,1,0.9892860108278176,0.06095497649704164,0.844595719635092,0.5166261343171097,-2.0262318239847383,0.8781589390245036,1.3420303457444767,0.3543591357485152
11,8,2,1.0243765003610565,0.030652833340328298,-0.26118189516102236,0.9041260528006269,-0.814644860838048,-0.2697799647387298,-0.5572658883854549,0.3543591357485152
11,9,2,1.2322071926006324,0.03765351752513729,-0.3669480977968419,1.1416677581744283,-0.5839000734890034,1.0749611838919653,0.21837313275364237,0.3543591357485152
12,0,1,0.8677626445623252,0.009948016808669663,-1.3710056062811726,1.0243618105963401,-1.0398655057795423,-0.5966063267153192,0.5155322850373589,0.4961517010173646
12,1,0,3.1616035763186106,0.07384414054996376,2.056203139775511,1.8097875872099547,1.1687893483087053,-2.164083689587723,0.08733681890629923,0.4961517010173646
12,2,1,0.5471222245226953,0.056373086336004616,-0.6126354131078269,0.6400044454814294,-0.48714297656389544,-1.9240211990303109,-1.33716777999237,0.4961517010173646
12,3,2,1.032716128114406,0.1228120513681587,0.8667284028007121,0.48144022112850426,-0.5677744596409467,0.05881501998245523,1.0081028602641444,0.4961517010173646
12,4,2,2.640430766861558,0.025979533517242123,-0.10879966192537474,2.0893384125635013,0.3543481150820647,0.9475394371676528,0.026724335847262387,0.4961517010173646
12,5,2,0.9249971658847294,0.0667756900585145,0.27136228487213593,0.5956806447957469,-0.7049459469369983,-0.1837499538705739,0.695517347469211,0.4961517010173646
12,6,0,3.8858297669609683,0.006103428480289109,-0.2627864997617623,3.1106526398395857,1.0325621693267832,-0.1478746844438469,-0.9291152623830385,0.4961517010173646
12,7,1,2.1800938349681056,0.06861507041188541,0.8565766520329738,1.3330711094098369,0.3356581594872362,0.47798096384222044,1.2327190860531176,0.4961517010173646
12,8,1,0.7904052887573887,0.034471087877359426,-0.34732387401956655,0.7434038246020596,-0.6787628729596047,-0.667797254265687,0.7561601975395755,0.4961517010173646
12,9,2,0.6980032895654532,0.038926193574548136,-0.5729464718451013,0.8583325717742067,-0.40743357100910893,-0.4496841826791043,1.2541398701402435,0.4961517010173646
13,0,1,0.5,0.02472193274442192,-1.345809697722493,0.46418314122638626,-1.2673989099597236,0.3294242223746807,-0.3119582098742691,0.44140504727908136
13,1,2,0.5,0.026059290272127264,-0.7512343194730294,0.3800261842605572,-1.9875606327876807,-0.45766188575892325,-0.3450547031533927,0.44140504727908136
13,2,0,1.3615385882665465,0.04223429843987791,-1.2557756424029562,1.4026310278310719,0.8528364648382424,0.28519795249377733,1.4474723670231473,0.44140504727908136
13,3,2,3.4365661470228623,0.019921984815024725,1.595722483590618,1.9170977908188205,0.5201095956248266,-0.5539610702342861,-0.05835936047652984,0.44140504727908136
13,4,1,1.3880337778249325,0.010674515107115371,-1.5020519232689415,1.577648991110068,-0.34804803691154235,0.48797285611316915,0.059822147463227435,0.44140504727908136
13,5,2,0.6098135375048689,0.0979190287575237,0.14889547810609455,0.5104513498047492,-0.628559633958922,0.00860047106251455,0.4611806655547585,0.44140504727908136
13,6,1,0.6443557677042113,0.21476485496484918,0.4357051268851052,0.32872260757345717,-1.006421538301779,0.31700876164470465,-1.5786830961518248,0.44140504727908136
13,7,1,2.8889480856981735,0.0359916880009634,0.3574992319479522,2.061688159860216,1.105571343141608,0.5271808107719738,1.6292830356217987,0.44140504727908136
13,8,0,1.2381608922919107,0.06317642807242106,0.4452886103989797,0.7888442695475254,-1.1165964397754258,1.1334517288164596,0.9357800635681301,0.44140504727908136
13,9,0,2.60412225239178,0.023130931546594152,0.9464003174496751,1.642102068809095,-0.1822320472078898,-0.3766433530549067,-1.0851460564900364,0.44140504727908136
14,0,1,5.7780157516974215,0.004750037779584302,1.164963167409901,3.959608646914772,1.8210499948476817,0.09154065798031732,-1.0113432768427388,0.3634512916933651
14,1,1,1.9969771594247803,0.05424096551529184,0.5405013115277916,1.2866110827117219,0.6387974862278913,-0.566551674227108,-0.10993697641829091,0.3634512916933651
14,2,1,2.6579638770434997,0.0077047118126503545,-0.08604906673669008,2.0917289838212647,0.3701810017557189,-0.8213543152188554,-0.510294747819768,0.3634512916933651
14,3,1,1.8073812631797086,0.02448071627832146,-0.08118735053940336,1.332458483512574,0.4758485710704116,-0.548644971209072,0.9733853159903573,0.3634512916933651
14,4,0,0.6013654496074424,0.022713035718536428,-0.35065448223628093,0.600476809670431,-0.9861575978626317,-0.9895243764115682,1.9060558657553222,0.3634512916933651
14,5,1,0.8752292336277704,0.041016567687352824,0.44421102913658,0.4818474686459929,-1.5302264415929525,-0.02671652899829002,1.8514838475629,0.3634512916933651
14,6,0,0.9255575020344595,0.15088467529439334,-0.1703207209798789,0.8978765455929393,-0.02859144789927242,1.3467706690639987,0.6524748644050148,0.3634512916933651
14,7,1,0.9745835146291835,0.30646529776192355,0.6249363905316047,0.5500380818367893,-0.007201884234801467,-0.13064526146287425,-2.1193174141427438,0.3634512916933651
14,8,1,0.9753888045237957,0.024240960381414114,-1.0090873103296993,1.1101516499004012,-0.3191116598853623,0.23221850583119408,0.23166290969257514,0.3634512916933651
14,9,1,8.775723534596132,5.174007716670027e-05,0.14684845840864394,6.624290870718007,2.465858757153896,0.28095806614950547,0.6301453207938449,0.3634512916933651
15,0,0,0.8134215773885914,0.06510539109229815,-0.16362218027656392,0.6352253616926492,-0.03415781455662669,-0.020210085841063947,0.11971675653394662,0.2818520458064373
15,1,2,1.217503676844045,0.064284975488955,0.5175341453190251,0.7930355176191832,-0.3968151460461825,0.5043778353359186,0.5018451752151066,0.2818520458064373
15,2,2,0.7897139573887707,0.05241821446110721,-1.253769883342659,1.1731398079692672,0.81891659989459,0.6396065150354724,2.000043051616026,0.2818520458064373
15,3,2,1.6480811012496552,0.017775313717443442,-1.2110296301510723,1.738754316985432,1.0526297396365671,-0.20725189041459413,0.45307150382591327,0.2818520458064373
15,4,1,2.4910441957921168,0.04410454986472406,1.1690449647887804,1.5302940509579088,1.4126981141600155,-0.9499731890155309,2.014241793116171,0.2818520458064373
15,5,2,0.910590555475771,0.1306565638670288,0.5512052115734114,0.47417089029986786,-0.7746394337498207,0.9002753932377743,0.00660044022449055,0.2818520458064373
15,6,0,0.5,0.04968618655151514,-0.1424568759379192,0.4944792091076786,-0.05093239991444067,-1.3029128736478253,0.9075000949206515,0.2818520458064373
15,7,1,1.6612205708164558,0.03330026396054408,1.907845200964475,0.5521133561173237,-1.2883581851056725,-1.4427702328617196,1.159703018406576,0.2818520458064373
15,8,2,2.5100758196330206,0.22697924126189226,1.8973156718320725,1.2277385045392155,1.789605595793079,-0.6672457662309931,1.0031092236552357,0.2818520458064373
15,9,2,1.9770972692759792,0.0338372539280546,0.4391679997601336,1.3528195622669783,0.7965263533976784,-0.09151869511147871,1.3358168816042244,0.2818520458064373
16,0,0,1.239416037662514,0.02190780874687979,-1.18117260593125,1.3832234538238646,0.31872863006748414,-0.8187849768507568,-0.4470043209160218,0.3952730637354108
16,1,1,1.903491298321586,0.23766309267941133,-0.06588388545478925,1.5450398730333448,1.2210468021512841,1.9629235439710266,1.0647258668844564,0.3952730637354108
16,2,1,3.5222810513566283,0.04530952762009775,0.30761354237663563,2.532392164903876,1.8858716677604708,-0.6913319246675488,-1.5800840664595126,0.3952730637354108
16,3,2,0.5,0.08059962311473394,-1.9143759925009314,0.7208639687934167,-0.05262150847295787,0.8048586361056724,-1.8547501061169125,0.3952730637354108
16,4,0,0.5,0.017646928027779802,-1.363983526978429,0.685338424419246,-0.9264568493264672,-0.8153950930128742,0.35656356238702136,0.3952730637354108
16,5,0,1.117932778307366,0.039480059466343254,-0.5161027892668636,1.1463491364940268,0.2276195637495864,-0.775160773504345,0.1798111976907926,0.3952730637354108
16,6,0,0.5,0.03808637701497802,-1.098180715893553,0.3937799261084611,-1.1448051847633351,-0.4264248126156457,-1.2647892526907165,0.3952730637354108
16,7,0,1.0255749195166106,0.0500267645638423,0.04325748602593875,0.8854699778974661,-0.15023782779481346,-0.8004892588573568,0.6903750200685745,0.3952730637354108
16,8,2,1.380489659268301,0.03748514240593608,0.18215204290688525,0.9758561435441847,-0.026187070724264534,-0.22674275178249276,1.7681243689946053,0.3952730637354108
16,9,2,1.7703148640200341,0.03652161262458688,-0.12230736793299765,1.3177788889838082,0.38328817701863704,-0.36815408363192886,-0.5837353470860831,0.3952730637354108
17,0,0,2.3972428620365545,0.048850906862666243,1.8459275766278866,1.0605627738991188,-0.6556913355511337,0.5102585746963781,0.14653130647672571,0.4114683043397349
17,1,0,2.377094291081695,0.02914361047988862,-0.249740722101356,1.9256745612502444,1.0475419663029002,-0.8321450839832768,0.23271782750501074,0.4114683043397349
17,2,1,2.322376036486876,0.007155348708990252,-0.8970823250462154,2.041377597226714,0.638274589873962,-0.626217485903185,1.1272032556361231,0.4114683043397349
17,3,2,0.7623774767465996,0.11737297945034801,0.8642574146844122,0.3161363437697514,-1.666277691581314,-0.8329409969796399,-1.703687771136912,0.4114683043397349
17,4,2,2.0014107868551205,0.053414585979508454,1.964264636717578,0.7801226224754306,-0.7358749733242059,-0.15458405544052448,0.8315007190262329,0.4114683043397349
17,5,2,1.4127853400320578,0.12398786139533692,0.8487317539529187,0.7073896777415944,-0.15529033724538993,-0.5953737188875555,-1.5492227961846745,0.4114683043397349
17,6,1,0.5,0.013503542501263238,-1.6230063534626042,0.5869655030216784,-1.214178645408349,0.31020595051186867,0.8814547611838727,0.4114683043397349
17,7,1,1.840475889595992,0.11356654734847452,0.7546818153724143,1.2630843959815439,-0.4192219442049485,1.2110145228246147,-0.9499173990791543,0.4114683043397349
17,8,2,1.181460063343922,0.04200011837763771,0.404207387777017,0.5362281106411683,-0.39054061880285773,-0.30614557978066753,1.5294137883044228,0.4114683043397349
17,9,2,0.5,0.039536194556151115,-0.9546303234392286,0.7090205381392078,0.1336591268009524,-1.7984327892576848,0.9516543052590125,0.4114683043397349
18,0,1,0.5,0.01895916229515308,-0.8679358332951316,0.49540803498626057,-1.5521668645160998,-0.18611602654468734,0.25331345727809473,0.20238157343051832
18,1,0,1.6087358590876377,0.03036915705433556,0.8172154514091747,1.0085586869955796,-0.7347755893512617,-1.6590157269093422,-1.2866305462520875,0.20238157343051832
18,2,1,2.667966941950072,0.04572202130512507,0.9402411138673578,1.6708611454350355,1.499774768702435,-1.1914613813393433,0.047560698397600354,0.20238157343051832
18,3,0,0.7743686215933079,0.02668329310343779,-0.790734647757433,0.9317383778511961,-0.15633499501059966,-0.15378167773134244,-0.3198614668176375,0.20238157343051832
18,4,1,1.9401733446054568,0.04760868555117882,0.48480449122961533,1.2977509973606822,0.7891370134510292,0.03561291905198759,-0.625654659955958,0.20238157343051832
18,5,1,2.209582298827287,0.08081546135176991,2.7242068606991174,0.5827888783203409,0.05134382423519605,-1.2775441638102956,0.4759445972538914,0.20238157343051832
18,6,2,0.6998302147329758,0.037802990670070376,0.10466440630646483,0.439818315345137,-0.6809668503361826,-0.6233711527696916,0.5130475370809681,0.20238157343051832
18,7,0,1.7390245474587422,0.019455060526788852,0.923498804914873,0.9280699374032003,-0.40731591460675676,-0.3510161545618694,1.1676302353146817,0.20238157343051832
18,8,0,1.7609344507399647,0.04022352721321893,1.5767373855999285,0.7035001501525606,-0.9731877335722324,0.4983850017127485,0.949524027320979,0.20238157343051832
18,9,2,2.8291880805999923,0.44997906749840333,2.5037461496038547,1.3112226538248783,1.1668971989716457,2.1765200188422615,-0.642140238478162,0.20238157343051832
19,0,1,1.0011044349050238,0.1689571613552838,0.014309186619549868,0.7377603843872922,0.21214545954977865,1.7271027062280433,2.0547110355810014,0.30402902227001427
19,1,0,1.868504291966387,0.03544147532558318,1.3638153884891353,0.9239163848599209,-0.1365044153256686,-0.6796844101210254,1.1600358993963054,0.30402902227001427
19,2,2,2.6703594043943815,0.06668470458974898,0.8234164029758364,1.7360912117704512,1.2642236397586115,0.4412481317859137,0.7055610621486665,0.30402902227001427
19,3,2,3.339071974815711,0.010060702985379321,0.9564431925657512,2.273648130293099,0.5491526948711534,-0.9887566896626693,-1.2185715913640798,0.30402902227001427
19,4,1,1.1859242141172348,0.016037702642730623,-0.93851767178087,1.261522931179721,-0.050901898894545515,-0.20091544521264754,0.2769438068457563,0.30402902227001427
19,5,0,1.0328475998907602,0.09586669667256935,0.2632437869049264,0.8025125804017887,-0.13122482734604224,-1.703264700880888,-2.112193250748729,0.30402902227001427
19,6,2,0.5,0.04318450392501642,-1.8350231302025264,0.8770820990764946,0.7374304163690243,-0.6627904683534325,-0.23212440532931392,0.30402902227001427
19,7,2,1.2792660083877179,0.11068673902076,1.401022939883155,0.3813306324231165,-0.5579746497377989,-0.9130491022651758,-0.9398518487633353,0.30402902227001427
19,8,1,1.2428628719209833,0.0654567228562788,-0.6233268130365852,1.223899658952424,1.0198363734685407,-0.23915031851215263,0.6347642959326398,0.30402902227001427
19,9,1,1.082886225532896,0.0835945683566353,-0.48470199686700755,0.9852868011996697,0.7690849056507968,0.31656414600726424,0.8020434760763433,0.30402902227001427
20,0,1,0.782260045670455,0.06480620368348203,0.8718422024518231,0.3679041252823447,-1.807734043306458,-0.7986561854224704,0.7226430604933176,0.5276437098451452
20,1,1,4.106653223531601,0.01589564480127835,1.1949514857672319,2.772355587392444,0.9915304215758852,0.3572277083999915,0.27587055018568085,0.5276437098451452
20,2,0,2.4084719808532884,0.02877303125588098,-0.9473427387423589,2.2705851266716137,0.4023421228016666,0.9577984191847956,-1.4262280038595097,0.5276437098451452
20,3,1,0.8140056002837499,0.09268548891625929,0.06770014671797596,0.6402715353986639,-0.509473990046832,-0.07442908252874762,0.19578969570162097,0.5276437098451452
20,4,1,0.8843816688112824,0.0774788448082432,1.2159650047172181,0.2647922044212564,-2.109638751349016,-1.2573935693045972,-0.016660476090602703,0.5276437098451452
20,5,2,1.323609685485099,0.10500355246632855,-1.0013625981567575,1.4465288242672447,1.013140718400172,-0.4190399462296813,-0.6668900940585202,0.5276437098451452
20,6,2,2.6370630665168453,0.0065603195847363256,-0.668826611318101,2.236482568594768,0.5286684468694359,-0.3280709719332039,0.880898468553479,0.5276437098451452
20,7,2,1.8427461903117914,0.02317068535606403,0.6617380063625091,1.1525365786706394,-0.2213257536248592,-1.115215859388617,1.420596274722949,0.5276437098451452
20,8,1,3.7858792766855007,0.0050600704205434,-0.16068913005941426,2.880189256844743,1.2372609327869362,-0.9554794776029498,0.39570359864166116,0.5276437098451452
20,9,0,0.7273348558288373,0.05292244886203871,-1.5752747701719036,1.1459910841531504,-0.32666937755649134,0.619064126750466,-0.8756884517596438,0.5276437098451452
21,0,2,2.3418255597580866,0.0147835908949172,-0.689260018561868,2.0103522328490566,0.4591969531624545,1.0623031903444877,-0.17649064676417128,0.31474660640393515
21,1,2,2.619808072030839,0.00992924040320003,-0.5728071667859884,2.1684138975597915,0.9494629299601434,-0.49108277521316973,-0.5501158333661602,0.31474660640393515
21,2,0,0.6510013256995905,0.13150357168915627,-0.5551246690952026,0.7253808209174953,0.41069690294990724,0.4273746482243863,-0.11275872931419498,0.31474660640393515
21,3,2,1.845472091539871,0.05799186131673191,0.7054801648540101,1.0320387952665309,0.6765881103951593,-1.286976871048387,-0.30397205950998235,0.31474660640393515
21,4,0,2.0543212205314405,0.06301998462191416,-0.0009289353094979465,1.5550946796475522,0.964817826095494,0.9621262507861686,0.836025689406052,0.31474660640393515
21,5,1,3.522474862381299,0.18935645572906734,3.1668406766765713,1.426516918879746,1.020739158140401,-0.3725405525693729,-1.705198083267657,0.31474660640393515
21,6,0,0.5,0.10100401688562177,-0.3323368527468313,0.5588404145371635,-0.2587863915599332,0.6359957309604819,0.7994367391658113,0.31474660640393515
21,7,0,1.4056536381554774,0.03684666157949002,0.437873148922222,0.7958104492390294,-0.5262714917707586,-0.9680157700920731,-0.8685093615169817,0.31474660640393515
21,8,0,0.5,0.049351969082262144,-0.3100337841011353,0.4337565237780409,-0.5436687321716064,-1.8971395218837974,-0.5271458072081939,0.31474660640393515
21,9,0,1.3736110893564595,0.03146604139370396,-0.3343350698747456,1.0639242435461995,0.047876720589621155,-0.09788432116755641,-0.33027059471010706,0.31474660640393515
22,0,1,1.5713596802155916,0.09528500032043198,1.1781366384763714,0.8019953952726655,-0.6060871098173184,0.30456317579028896,-0.6138719854492841,0.3804406459071924
22,1,0,0.5,0.1021237836142633,-1.1788379456268878,0.853771683349906,0.1554288913834488,0.8870158774540335,0.11051111777073161,0.3804406459071924
22,2,0,4.0606181198176134,0.0437072378163145,1.2670164494214144,2.5717185352319185,1.9765010591526329,0.013206231441296245,1.349038581357365,0.3804406459071924
22,3,2,1.8093864319339432,0.09113558951717426,-0.43895384530847914,1.5306865826701583,0.9762954174859017,1.5253012422131627,1.9721040788051036,0.3804406459071924
22,4,1,0.7066891112035787,0.10026580409414561,0.7113384558342863,0.271386516786326,-1.7613370019465955,0.26516429551667925,-0.11186865959828009,0.3804406459071924
22,5,2,1.3809172913704066,0.04532440438420531,-0.21806656258714624,1.2134020324311252,0.11143306296619102,-0.39739994617313396,-0.5434565838518332,0.3804406459071924
22,6,1,1.090198750304234,0.03923095390800515,0.4587485370350621,0.7029970976326304,-1.099587802101255,0.09738328025693198,0.9340154367253002,0.3804406459071924
22,7,2,2.158737781589339,0.052442676215455536,1.6090401256894844,0.996874444363738,-0.4936953962996522,-0.3285075141587586,-0.6980727272421018,0.3804406459071924
22,8,1,0.9584573901670842,0.028846975616828512,-0.12141410779715431,0.9340378276667838,-0.9943505924283238,-0.2361437378448574,0.34321648869338045,0.3804406459071924
22,9,2,3.5095763341360957,0.021196928605983444,0.9965000652290501,2.496402497625449,1.2573461337704017,-1.1921031594524918,-0.030384631308841555,0.3804406459071924
23,0,2,1.4537082902042628,0.0156042112504101,-0.47507524025116815,1.2600756619821916,0.23380652246361455,-0.6246286704939146,2.0737253325203056,0.35520627768573687
23,1,0,1.3976685018199477,0.12477952192386625,0.08690721189565556,0.9971009489898137,0.6083481134868849,0.9417267430778059,0.9765729625632564,0.35520627768573687
23,2,1,1.4966414913683665,0.03703935941373951,-0.024906621602290034,1.1445500179519867,-0.4200535130946671,0.6333851431050228,0.31602690372693637,0.35520627768573687
23,3,1,0.5593910009925818,0.053692805721622966,-0.1481268329796724,0.4848977443052663,-0.5570254179622015,-1.2215828997246443,0.024231597611008647,0.35520627768573687
23,4,2,1.4720326528249015,0.09261741498563023,0.20952395190084533,1.0411928911906267,0.586929348856534,0.016242933363579327,-0.1823113469648214,0.35520627768573687
23,5,0,0.7582742451040791,0.07819353945617108,0.08188423091995292,0.6218472159953143,0.02735798989342643,-0.2869792496103841,1.5493192818057706,0.35520627768573687
23,6,2,2.515056537487414,0.10319415980866424,1.8697293632216525,1.2982452380790128,0.27024082625921153,-0.48646266165058716,-1.8080261431884694,0.35520627768573687
23,7,1,1.2036373467335386,0.05758555459208413,0.2239484120144436,0.7979045235383656,-0.19720857101177683,-0.5768239164238894,-0.613960947538262,0.35520627768573687
23,8,2,2.6452930864074085,0.04584173331134731,0.24718643577001326,1.9681299773031788,0.9426112987040297,0.07973566052425837,-1.6824452319268726,0.35520627768573687
23,9,0,1.0125220982376535,0.036245421850727357,-0.7095210638327243,1.0168795645521311,0.6188318467947811,-1.5820366585769232,0.6933198202659886,0.35520627768573687
24,0,0,0.5,0.04917310265691866,-1.0190663130808542,0.5645205485680896,-0.6435625337709185,0.44811278378512026,-0.25733829891542803,0.34809329576694725
24,1,0,1.9940378672119614,0.04477227851614933,0.8007168725158266,1.2682724799055063,-0.02866417635496403,-1.1846097866809469,-1.2711660486967573,0.34809329576694725
24,2,2,1.490636409058466,0.09203569694117064,1.069082858026941,0.7590018016000725,0.041103373634314384,-0.5421050385119961,0.004565378070281253,0.34809329576694725
24,3,2,1.8035321092694845,0.06054352132520023,-0.6497676564097948,1.6887985873284577,0.5443993651855247,1.639486121755516,-0.02045217558523505,0.34809329576694725
24,4,2,1.8525708718877218,0.12727557067268294,-0.7389867974527627,1.5851422410019842,1.8133439002663554,0.4062748242109769,0.6895033113749636,0.34809329576694725
24,5,2,3.1705975259576094,0.013181564493009019,-0.47021738578216793,2.709772072252197,1.0530851019348697,0.7197465791446734,-0.8017068218587585,0.34809329576694725
24,6,0,1.4592260186989205,0.04202213605826346,-0.9888801250587383,1.4697210024373673,1.083055041102606,-0.37408259220567214,0.3016887196724364,0.34809329576694725
24,7,2,1.7152407680131045,0.0627370207370329,0.2295685571929897,1.2790943166650552,0.13285120863450234,1.144096365660758,0.3930668835292592,0.34809329576694725
24,8,2,1.0920261712925283,0.12307839819891002,0.3722792915017174,0.6129071622616142,-1.386160505491837,2.0916567580639165,0.8349338518661719,0.34809329576694725
24,9,1,1.270409350694004,0.03708741463371556,0.7274921359734977,0.5188675669847462,-0.550492605513347,-1.1372991929197733,0.9492694475501682,0.34809329576694725
25,0,1,1.5905227600050675,0.2048083266534551,1.1677701137322984,0.6679395889826598,-0.4131627107204668,0.6090859832236866,-2.7977233803284016,0.28522606071095413
25,1,2,1.8375212873969229,0.10437152104685314,0.38278219277780834,1.3152180591329738,0.8755328636226373,-0.20861559406963748,-1.1419100801797715,0.28522606071095413
25,2,0,1.7220226189627081,0.034108044836089986,0.7070902806111447,0.9544004291493261,-0.3678455708154725,-0.7410730435994188,-1.2251055090154126,0.28522606071095413
25,3,2,0.7113638356838068,0.04611051506155308,-0.17706760533595317,0.6313300764341614,-1.9386042595373496,0.7304789451846814,-0.5594802920267219,0.28522606071095413
25,4,1,0.8769739900605767,0.07175576231152417,-0.1116623958038133,0.766935268076442,-0.3914750979732823,0.8447777514452072,0.05586435628355863,0.28522606071095413
25,5,0,1.154160730488157,0.028723385909375874,0.4189198108872129,0.8287435981582908,-1.559417290931163,0.6727969037391636,1.4838358062786785,0.28522606071095413
25,6,2,1.7605971035230161,0.09578247657948986,0.7981396524729194,0.9253783718709224,0.5030941037981564,-0.8650115712403472,-1.4727829744407592,0.28522606071095413
25,7,2,1.575800637836984,0.017274085103388962,0.5260615877848472,0.9220336532998581,-0.9013927346288603,0.10303293689575928,1.4262562753099208,0.28522606071095413
25,8,2,0.5,0.007881530901361447,-1.7674462112685954,0.7784339451067174,-0.7593575116996926,-0.6489114818772418,1.021444185840287,0.28522606071095413
25,9,1,1.297347501561215,0.1039582908859542,0.25768235292751507,0.8568957372127723,-0.434012047077851,1.713979472966592,-0.14810276822555227,0.28522606071095413
26,0,1,4.553857470187522,0.007384735233074754,1.235415168331753,3.0226950858722796,1.0329203181821704,-0.10007412686085121,-1.1401507897892293,0.3681679545500949
26,1,0,0.9697000520168407,0.027178469424091006,-1.8103086402801434,1.4002019079233776,-0.42521929768864036,1.4740509760561196,-0.2642020471920045,0.3681679545500949
26,2,2,0.6033872317269434,0.20396563818042332,0.5919113502461253,0.28104496347060925,-0.4664981600530331,-0.004065866466749025,-0.3894970880447183,0.3681679545500949
26,3,1,4.3423017818060545,0.006128104110486711,-0.3697986813984094,3.4922406639134294,1.193759065396385,1.885454698581,0.005934895547345447,0.3681679545500949
26,4,0,1.7338717958086765,0.024297619416348008,-1.25674840537146,1.7481186829717723,0.5404556805644442,0.9718751151806323,0.10854815827642071,0.3681679545500949
26,5,2,0.5,0.049505941698576056,-0.3197344816003558,0.32265525035059084,-0.8779120875925679,-0.40944260551880945,0.41202295279578355,0.3681679545500949
26,6,1,1.4877930596883477,0.09044344144250924,0.7308607162439515,0.9677396315748654,0.393812176131045,-1.7921885436163298,-0.43662101170611295,0.3681679545500949
26,7,0,1.9754165907506693,0.09580484787321766,1.4552472868931166,1.0088647461151359,-0.7370070773996814,0.8822917815669341,-0.6982409334580076,0.3681679545500949
26,8,2,0.5,0.02011487029628542,-1.3450998526771871,0.8847168223918694,-0.461146630477901,-0.49609146485942346,0.7913316937621135,0.3681679545500949
26,9,2,2.0251404864576004,0.10700837777489293,0.618415795213199,1.3664763877833679,0.9688443316713802,0.4935735507454746,1.1064094333220653,0.3681679545500949
27,0,1,1.4478270849952795,0.11605374863360664,0.685844226978538,0.9236680266999291,-0.4355454072732161,1.1447683435247793,0.2673026571945855,0.43173254556836993
27,1,0,0.9903381471179238,0.10859458111111903,1.3448979019233402,0.3709948380538342,-1.3074171724432506,-0.1504034362830811,0.11588003514173198,0.43173254556836993
27,2,0,1.2333487375749872,0.04696033651601636,0.5108931136809152,0.8086244842828721,-0.8366973255366139,-1.0405657651946467,-1.0741581284344004,0.43173254556836993
27,3,1,1.7327112373772646,0.010245017589101804,0.07711775516960104,1.1386253638857056,-0.5435490373616612,-0.8646299666653275,1.230407843095737,0.43173254556836993
27,4,0,0.5,0.07766532976580251,0.5260645843753294,0.27478841221733785,-2.4511118645829,0.11127140420020219,0.5283143973490184,0.43173254556836993
27,5,1,1.2762952262166118,0.040561475171642616,0.4773081432287001,0.8886883807556241,-0.9628250010112823,-0.23191374893134123,-0.34210228698920697,0.43173254556836993
27,6,1,1.7025351249798442,0.09088419503505654,0.8628054624020907,1.0397626018592785,-0.07737799380200121,0.6629343241454198,0.5733812265194146,0.43173254556836993
27,7,0,0.924410164953604,0.03515527133469391,0.05936640949527618,0.7466095903415738,-0.5999777568016651,-1.5044520981798415,0.16506859842247104,0.43173254556836993
27,8,2,0.5,0.020642596699341986,-1.3083157553695195,0.7360310746265105,-0.6566735857925858,-0.5277553853187028,0.22344641640501556,0.43173254556836993
27,9,0,0.5,0.02150490257524864,-1.468141395100689,0.6270111447871947,-0.4350716985900594,0.3067159761903571,2.512856475437541,0.43173254556836993
28,0,0,1.0176265930930422,0.19931578529160576,0.7468440331865682,0.5593444050198264,-0.39626563961401096,1.4532311178860022,-0.21081858830538877,0.2908807793566409
28,1,2,1.5794288602833022,0.08396588296943909,1.0738485817999803,0.8593250080659477,-0.2535398377182145,0.8659173595249451,0.29296737588698474,0.2908807793566409
28,2,1,2.3821573787528627,0.04676430223495096,1.8424313482035723,1.146369686418151,-0.06670103532127043,-0.40410348225594306,-0.3945437142738015,0.2908807793566409
28,3,0,3.5943000161825225,0.010329771665379486,-1.9005767649589598,3.425500074736982,2.3575372331782996,-1.6752948699852086,-1.2025304393206329,0.2908807793566409
28,4,2,1.0468100793344715,0.03355019923977091,-3.1584532538625996,1.9025496232503747,1.1768849653326814,1.101865014437768,-0.9225004079888747,0.2908807793566409
28,5,1,1.0701631784856875,0.07408867004755477,0.6390833713716546,0.4755972412809158,-1.7524232234071557,1.272327719937201,-1.046796309599883,0.2908807793566409
28,6,2,0.5,0.06597808842447522,-0.5993230728350452,0.4709660734302552,-0.4911085371115406,0.09612053502285896,-1.072607395036718,0.2908807793566409
28,7,0,1.2234129734131867,0.05191717982825981,-1.4300076689507697,1.5633448691944434,0.9244335431756692,0.020931733750793175,-0.8820347091386229,0.2908807793566409
28,8,2,1.0588216960766854,0.06266219547027894,0.10753104845193656,0.7225460494543576,-0.7939236088916999,1.2969782785885404,-0.27875380978808095,0.2908807793566409
28,9,0,1.4835159013939736,0.08054714547164409,-0.44930143550855184,1.2139186434293965,0.6144714443268661,-0.009983850139538682,-1.7545471747273096,0.2908807793566409
29,0,1,4.4735789401162815,0.004123978004251126,-0.20678648570616306,3.426366145792855,2.1969188240897086,-1.033519448891428,-0.8578219271952122,0.2215379227043356
29,1,2,1.943500556416129,0.01976473535822891,0.1687954563412109,1.38974452113422,-0.04997280316140632,0.822339022578442,-0.09199716580392278,0.2215379227043356
29,2,1,2.177640702857622,0.18701396193695302,1.199020763117164,1.063222448915257,1.0775466628348016,0.6461145603006503,-1.653825367627814,0.2215379227043356
29,3,0,1.3945650251802488,0.01814595650478644,-0.41881754440675034,1.2481364106583683,0.16943317581858983,-1.1250731115516626,-0.45136344072248297,0.2215379227043356
29,4,2,1.004303588875306,0.10180633158827512,0.5949024839234762,0.3790794860575492,-0.2982868251779191,0.8547443499525212,0.0838560178133926,0.2215379227043356
29,5,0,2.236963030860791,0.11559711901000348,1.501761622664947,1.290233505354343,-0.3528720112778041,2.2089721058458966,-0.780841978915985,0.2215379227043356
29,6,2,1.5948040516489828,0.00942074573655534,-1.3710249123934304,1.8040404013071258,0.40038357747184,0.7795624839529979,0.27992203530884485,0.2215379227043356
29,7,1,0.5,0.014590434556250241,-1.2003832728075148,0.6321054658435102,-0.7866591855906133,-0.8377010523297693,0.7318792013985694,0.2215379227043356
29,8,0,1.2912750825186898,0.16025351287243447,0.016941431552496146,0.9217130729925863,1.1564012310253964,0.058715208879825634,-1.2064864316328097,0.2215379227043356
29,9,1,1.7763463996658218,0.14774530172792624,1.0910110469312437,1.0315683255278587,0.1211724869724229,1.6257438988124782,-0.8952241222803788,0.2215379227043356
30,0,0,0.5,0.009075297972790707,-1.838639680086296,0.3717119425862815,-1.7304590762252356,-0.8650765571685549,-0.6953277590638676,0.4501964580362443
30,1,2,0.9934732296222352,0.08190939444982603,1.0201638078694872,0.464377755642847,-1.261376430024235,0.10949849082307639,0.8665579878823991,0.4501964580362443
30,2,0,1.7401633899582922,0.04667144872813171,1.4769065490100248,0.920136910771578,-0.4192252638706486,-2.2037034367400525,-0.11837293334816193,0.4501964580362443
30,3,0,1.4044463027263354,0.017778893708194715,-1.848789211763645,1.8310307602679718,0.2739865752394281,0.20636725000827566,-0.7211442398304179,0.4501964580362443
30,4,1,1.3125204205033776,0.09845163912616417,1.0120246143932186,0.5374117660041036,-1.2049942390112456,0.8863997089060738,0.3517284855765949,0.4501964580362443
30,5,1,1.44615077853725,0.07244564899348328,1.6830928295355254,0.6176480571164794,-0.6812326105780525,-1.501184152201899,0.22260675353730044,0.4501964580362443
30,6,0,0.5,0.018247161512176372,-1.796062431961534,0.5862091852820257,-0.8975454258230171,0.38269218388034143,0.15783643869526454,0.4501964580362443
30,7,1,4.175391443339547,0.012512726772940751,-0.46726139192088567,3.4414658956311412,2.0769083373226183,-0.07790226964213504,2.0007589032305555,0.4501964580362443
30,8,0,0.5,0.10765522325278337,-0.8495460268010373,0.698752667456151,0.08191281475860027,-0.6669267235086798,-1.0554819594082523,0.4501964580362443
30,9,2,1.3557029283600919,0.08505610744726458,0.9738966311792348,0.6418208052480238,-0.8770293025685826,0.4290799129452593,0.1291596816512428,0.4501964580362443
31,0,0,1.072272231923948,0.3503952651375644,-0.029939786844499605,0.8462761451981643,1.2098241026356091,0.8392606314455178,-0.4549596563209891,0.2841141169759066
31,1,0,4.151919300276884,0.015518703243395719,1.133732814517092,2.620297689639363,0.9990938515495604,-0.31506691273558163,-3.1223913560532104,0.2841141169759066
31,2,0,3.823138978863166,0.025274606122078387,1.5498546465363168,2.371835232558709,1.440875839947893,0.45765505402073003,0.18805401794312757,0.2841141169759066
31,3,1,1.718622154567892,0.09661168757484107,1.346345755658324,0.7856235323522854,0.008224659759453409,0.3027166573164864,0.00730421213840408,0.2841141169759066
31,4,2,0.7329946459812481,0.03001154393100154,-0.6721871138402955,0.8989329578236609,-0.2891132337399961,-0.6531030853674477,0.0769519972452828,0.2841141169759066
31,5,0,0.5,0.007113236348557407,-1.9694400115269974,0.6937927244577002,-0.8812741232476241,-1.142471823511304,0.2698002296871253,0.2841141169759066
31,6,0,2.4189209760941357,0.016965502716470716,-0.12484556560144508,1.8867811373550138,0.9799958256825317,-0.796195241764586,-0.6222458539532728,0.2841141169759066
31,7,2,0.531828974494805,0.07882031378150751,0.17839009215372437,0.43731175061793853,-1.6958554621930089,-1.3161751115984406,-1.2783678382905626,0.2841141169759066
31,8,1,1.9417978500510231,0.003599715115341673,-1.9534022322703648,2.1611248153162657,0.974266909094585,-1.7363703442227856,0.4591777874092967,0.2841141169759066
31,9,0,0.701558495836021,0.09157530905333493,0.06108426907194852,0.5987219868627067,-0.2652041802691754,0.605302698229561,1.166184730314604,0.2841141169759066
32,0,0,0.5,0.007117596574236326,-2.65127840172118,1.102972628788695,-0.4594728972740517,-1.34463776740858,-1.2664218350533225,0.34693086683099483
32,1,2,2.2866959093928907,0.019142467507059956,0.10917184912976488,1.7552605390400744,0.2715659240351998,-0.5397487605313493,-1.111124697714487,0.34693086683099483
32,2,0,1.3963095459386345,0.07320005654815472,0.7554750854988721,0.6562965578553855,-0.5236727866292819,0.451190713223203,-0.07826398909607504,0.34693086683099483
32,3,2,0.8470226403871269,0.0677667232980767,0.202434559192613,0.5533273758346311,-0.48238854423274574,-0.3568830167041988,-0.16193024185874286,0.34693086683099483
32,4,1,1.3037525308884907,0.22626656607603693,0.581507387689821,0.7465730847484592,0.2226279284341267,0.2812837135068311,-1.6483959886428123,0.34693086683099483
32,5,0,1.5542624862647365,0.03613883996745943,-0.26347470405574364,1.2273273541844232,0.16669792697399952,-0.36205438401081574,-1.0137951465180306,0.34693086683099483
32,6,2,1.170422723195502,0.06656831191781394,-0.06525479175696265,0.9900451254300746,-0.37271169978502255,1.1561363413101466,0.8086234860244456,0.34693086683099483
32,7,2,1.5431578721785413,0.03969629826271592,-0.044350590444016146,1.1869118173618387,0.09720709943064737,-0.8970981811847177,-1.359628568079155,0.34693086683099483
32,8,2,1.0850286256039878,0.03879808755110617,0.18408067959736604,0.724436816894767,-0.9418156781476349,0.012209551399191979,0.03328371733681947,0.34693086683099483
32,9,2,0.5,0.07837418546634506,-0.5791066858680506,0.608844424237825,-0.6513608535030657,0.8778003129460692,0.38449010656428706,0.34693086683099483
33,0,2,1.2501182206242938,0.0614438068326485,1.3477665806345376,0.3981768193606387,-0.7521922937647522,-0.8700080081705638,0.3581124690113472,0.33451230178291935
33,1,2,1.2007135206300839,0.022410899033478465,0.21661876247901163,0.8553594880062437,-0.7257541792545885,-0.7946842115381062,0.3516369434745213,0.33451230178291935
33,2,1,0.7834497296618016,0.04449958875409671,-0.15021182681756057,0.7025926592029257,-1.4814974920078092,-0.3220114032646439,-1.5370386730786259,0.33451230178291935
33,3,0,0.8067833691263833,0.09791625092459938,0.06654335625831007,0.5816350536657329,-1.355021864038198,1.1707057151411837,-0.4163520454894816,0.33451230178291935
33,4,0,1.4293487323953458,0.05226566263830437,0.7443317399250103,0.8396122072476977,-0.7172403428000519,0.8509437524805515,1.6159931773436842,0.33451230178291935
33,5,0,1.8842326817931276,0.07548954846719852,0.21393596734784953,1.3732441061951448,0.251630874912219,1.0207203871447554,-0.5516234564923309,0.33451230178291935
33,6,1,0.9188660569796904,0.03473420550280117,-0.8641955160862201,1.0290310169425163,0.054381260709114386,0.007327094886850557,0.3238471209201353,0.33451230178291935
33,7,0,2.0752514427171893,0.2159419731894966,1.7628409235538514,0.9781167103367081,0.9646348037484562,-1.4695268192570634,-0.890122985179981,0.33451230178291935
33,8,2,1.137999879348675,0.03646953320693009,0.4619686779971718,0.6361616100929782,-0.48527737584860314,-0.9701585181153071,0.22980368406367546,0.33451230178291935
33,9,1,1.2468736348934744,0.024316229667526834,-1.15201347886041,1.414884761311805,0.21735490768410898,0.05860783928509837,-0.4026924807986779,0.33451230178291935
34,0,0,2.68104553637605,0.09499253781442368,2.107865515848297,1.237372207920841,0.36577650706944353,0.8579608240814021,0.7225382916123185,0.3598710083840556
34,1,2,1.7906107501013406,0.055351406676689384,0.9047957719305253,0.9416755389026505,0.11708429674990836,0.09145746404935777,0.8866554521020101,0.3598710083840556
34,2,0,0.9882553048502664,0.16411444884610785,0.18996147746322783,0.6789539122254716,-0.8469806152307278,1.7340183568815726,-0.5340645600339466,0.3598710083840556
34,3,1,1.7031199278749103,0.0533152682777936,-0.9244705139529761,1.6205682731957638,1.023090666658109,0.5059039973021688,-0.5473583501430288,0.3598710083840556
34,4,2,1.3399583068525114,0.12135908557589876,-0.2856564291795408,1.0072605045380048,0.4835742480974997,0.12747636525378694,-1.7655759560545357,0.3598710083840556
34,5,1,1.7942061162775118,0.01589176180734882,0.08863675165390346,1.2485526922105208,-0.08674094793693442,-1.2487218852843585,0.5074881864670914,0.3598710083840556
34,6,0,2.368204076554718,0.04151406076792489,0.882669876010862,1.4942710341626058,-0.14152740136940095,0.8774312017195829,-0.6967719777769242,0.3598710083840556
34,7,0,0.5742717035177594,0.019072413032839245,-0.4990624457081819,0.5505086702318875,-1.2958915724111022,-1.076202120606186,2.020107924978828,0.3598710083840556
34,8,0,5.924100706425907,0.0430773183389843,0.40118840596829347,4.484836376782454,3.0290021522231045,2.0013277040679163,-1.5401246595565723,0.3598710083840556
34,9,0,0.9374273041646999,0.03144069047793389,0.2750854499234987,0.6307535885954783,-1.3769376350239422,-1.0651097508963658,0.7741469887247642,0.3598710083840556
35,0,1,2.2140225702942935,0.10447436361452134,0.2160584065341528,1.5956216351836405,1.7048739275993452,-0.5882542871407686,0.4531197833754836,0.39733446667792727
35,1,1,1.918487483592874,0.03945559490655331,1.1871757644368144,1.1019046372952874,0.1762158775396463,-1.392727388356263,0.9701580811982762,0.39733446667792727
35,2,0,5.371077009771336,0.0016038330673559301,-0.06708042434806492,4.257291348007377,1.5634066393832184,0.8197067449705626,-0.6320965203987297,0.39733446667792727
35,3,0,0.5,0.058216851077397956,-1.16384355194108,0.4011116523871515,-1.356741672190811,0.6410957771721304,-1.0794315970438593,0.39733446667792727
35,4,1,0.5,0.04831540764881903,-0.6646990553523159,0.49807037057159953,-0.9798018793870016,0.20933230860836885,0.7358383440097176,0.39733446667792727
35,5,1,2.5761739972156006,0.06271402101283624,2.352230751988188,1.0835090415509092,-0.33614621105885395,-0.20665598558598589,-0.11190481152730149,0.39733446667792727
35,6,2,0.8808212623433802,0.11938863115708008,0.3196786327648434,0.6546555256809881,-0.9160598027710465,-0.38011885499635056,-1.6174794969208364,0.39733446667792727
35,7,1,4.3513610369813325,0.0922195708255874,2.1774123127939706,2.551196870362998,0.7354483333380192,2.78825184053095,0.06008225785940558,0.39733446667792727
35,8,0,2.1119758065547476,0.0612965279411039,-0.3675643545958923,1.6875001484423258,1.1910593447119353,-0.2616439624581925,-1.346446473068915,0.39733446667792727
35,9,1,4.352534318402728,0.014980732070817519,0.7138210863726437,3.1463176518065445,2.2511907888421416,-0.8456550197076587,0.947075198972577,0.39733446667792727
36,0,1,1.1732518243732366,0.17104715030611903,0.21261930947920676,0.8664962230930516,0.042332093170749846,0.7191093149968261,-1.5173681707172382,0.3624032753486027
36,1,2,2.929147618085006,0.013352582150568094,0.09705333822679708,2.3662619619843706,0.7481438424194141,0.13465258269091576,-0.7027814151115287,0.3624032753486027
36,2,1,0.6814840622041636,0.0936442233965697,-1.3228006078288546,1.0419787194024683,0.13176851194395064,0.11330711001527426,-2.6238848186864745,0.3624032753486027
36,3,1,2.4823318016952687,0.1840473260278929,0.42154736390375924,1.8321450562713348,1.3748046218122671,1.2087427356020604,-1.306075700152466,0.3624032753486027
36,4,2,1.7091620386676183,0.08511979729841561,0.9793514936968661,0.8479789354643887,-0.7558080808280465,1.3536143238570777,0.6644697172529611,0.3624032753486027
36,5,2,1.7144456219998008,0.04138197039831188,-0.08108413845230361,1.4589903348676092,0.3888262200940834,0.4358736822560711,0.3739803823980428,0.3624032753486027
36,6,1,0.5,0.013988640233158343,-1.5461553002318977,0.3782663517826555,-1.0648230343647105,-0.5646386894624883,0.9973863238829411,0.3624032753486027
36,7,2,3.116315916688132,0.00697070842869791,-0.2113075561201507,2.4323309314801485,0.6562556832326419,0.2840004092570158,-0.6479431852751998,0.3624032753486027
36,8,2,1.7382181626139828,0.016045408591674453,-1.132869792413194,1.7401055690942993,0.9892256555233488,-0.9666236127385675,1.4808428692760403,0.3624032753486027
36,9,0,0.5,0.011998917819989364,-1.9316964181430427,0.9133130250094919,-0.7253597827798178,-0.8715440084786494,0.03018643177997336,0.3624032753486027
37,0,0,5.101077561486201,0.025800738853529678,3.2213632836183064,2.591252175169901,1.0520350942115315,0.2974664175105722,-0.5184102650373604,0.42281733429134305
37,1,1,0.5,0.05499707547121457,-1.0386110373551347,0.7603396692065874,-0.6766243423483458,0.4380482978077294,-0.18435925033563363,0.42281733429134305
37,2,2,3.041972305495162,0.05429960345272845,1.866280995965692,1.449968309660924,0.6965878862727948,-0.8263248589019113,-0.3805719582975258,0.42281733429134305
37,3,1,0.5,0.032850157102001114,-0.4462337156050771,0.45998453707543446,-1.1195617180379163,-0.5535055742272065,2.177776877756953,0.42281733429134305
37,4,2,0.5,0.0345793646605596,-1.2288088205833405,0.6361581059853119,-0.7364534944881657,-0.4734354167872086,-0.8240730839846628,0.42281733429134305
37,5,2,0.7398430445859783,0.05626067262864564,-0.4511229502585033,0.7843782086138393,-0.1832555526515422,-0.07238586256669957,1.2183132944843145,0.42281733429134305
37,6,2,0.5,0.14637510369651316,-0.6533177685393599,0.5407465860412181,-0.4056857814059109,0.11420315340439346,-1.8740880212626192,0.42281733429134305
37,7,1,1.7538378144267086,0.023521489822035693,-0.5481648507477057,1.3949880404927253,-0.8647681582978382,1.085727157117329,-0.855810763779142,0.42281733429134305
37,8,2,2.2459763325598825,0.03005687637040482,0.05974426658645936,1.5785765974484864,0.7676083426671935,-0.9256363070750603,-0.17293377524404896,0.42281733429134305
37,9,2,3.498743248644516,0.11844158365102421,0.4780420380182826,2.544549830812827,1.7148921577608205,0.7450603487968275,-1.9521629731780006,0.42281733429134305
38,0,1,1.7114170091672236,0.12964225771313764,0.01501895712552844,1.3180632441007794,1.2399056208182084,0.13352882663198062,0.17065804575596094,0.34417314913340413
38,1,2,0.7876833757751418,0.0969014868739782,0.127606957327565,0.5258435069368167,-1.7429105541247456,1.6139174589198502,0.3369632497624011,0.34417314913340413
38,2,1,4.036908069029663,0.01998380639178421,2.889126681249852,1.8846597505741205,0.7751119495995501,-1.323789051987593,0.5117772596201392,0.34417314913340413
38,3,2,3.190970609677814,0.1011808241536174,2.580811467778161,1.489651418428214,0.5317076041392266,-0.155561570042317,-1.2931744916242636,0.34417314913340413
38,4,1,1.8753795034429697,0.024214244179726584,0.3219190883969384,1.3532404932888962,-0.06144919709600939,-0.955060223674432,-0.6982185717422729,0.34417314913340413
38,5,0,1.8195361869410727,0.05207244252479916,-0.6636931279617126,1.6913741992561067,1.1600340189097214,0.0867470256194612,-0.08087318618082039,0.34417314913340413
38,6,0,0.8696358351528368,0.05306274066257067,0.24445812934571387,0.5122151029191263,-1.1754502335100763,-0.045800560381976024,-0.15018298156071885,0.34417314913340413
38,7,2,1.3784257624541811,0.08778943402425107,1.1262659745853458,0.6870907869240162,-0.9816366491623418,1.08500403657562,1.0371284894328843,0.34417314913340413
38,8,0,0.7018561626129631,0.030352640365410865,-1.6739634317946763,1.1344396485337063,-0.7744941544144474,0.3958299556263688,-1.8527202565849692,0.34417314913340413
38,9,2,0.5314813797834942,0.060626973977320094,-2.0914386943779366,1.326393098632871,0.3182394517948785,0.7813446640821663,-1.1227774408178526,0.34417314913340413
39,0,2,0.8065421706230527,0.08265307323355567,-0.12208939898986557,0.7620873850093043,-0.390378994691993,0.6163576227530005,-0.09318668433311997,0.3441465378098395
39,1,0,0.8801661738923201,0.09363891221665703,0.06325315275551231,0.7480119558792784,-1.0963675887823858,0.6562983614640321,-1.6654704969543237,0.3441465378098395
39,2,1,0.8310565591872011,0.03330641881092859,-1.0733148540198962,1.09006588872329,0.23403631708283634,-0.5390513942593698,0.4340549304092258,0.3441465378098395
39,3,1,1.1365399745794902,0.05871802287279484,0.27336694861273414,0.7681559994762266,-0.2281291645237647,0.4861755734908348,1.3611181782500081,0.3441465378098395
39,4,0,2.134006249407349,0.04359644234917741,0.0029946433343719363,1.696779724275139,0.6942159692763036,0.6760856901168191,0.5829177120912477,0.3441465378098395
39,5,2,1.1121003136876964,0.12749453134565536,1.943928299491169,0.23707463053559846,-1.7167621106874673,0.08052632498159856,0.2697178332739378,0.3441465378098395
39,6,1,2.3610979307285342,0.07362133817160695,1.4839013121753335,1.174125935563043,0.5528736539550391,-0.08452388606828709,0.7155627668429203,0.3441465378098395
39,7,2,0.9235829751609428,0.051979176226272135,-0.733175246328351,0.9338872491825989,-0.9587897792322185,1.9928050125990844,0.5582352959146811,0.3441465378098395
39,8,1,1.125838777873575,0.0735562141442163,-0.14102695759495704,0.9657121821658534,-0.9203304908529806,1.3554692140434825,-1.1159784176669099,0.3441465378098395
39,9,0,1.656637692799419,0.017289332819296257,-0.693643003064339,1.4863548574491572,0.00944850448617258,0.11534386146294041,-0.40991064390540466,0.3441465378098395
40,0,2,2.0851893354288653,0.025385847881071573,1.1816084059788314,1.1560975350857885,0.1855971233885235,-1.932270582687199,1.3417922240134799,0.3617299072731637
40,1,1,1.0820096999326037,0.038104876892266555,-0.008056705775860207,0.9276078486228562,-0.1366806051022392,-1.4741567867150094,-0.2646418479712369,0.3617299072731637
40,2,0,0.7478406508323022,0.10502418860597075,-1.0088464209207912,1.003204359333216,0.5777969798772565,-0.8170629591465772,-1.9419990286580302,0.3617299072731637
40,3,0,1.598317828174158,0.13716754019212746,1.0823173103704367,0.7589864574108639,-0.12336422481337993,0.7611793068510843,0.2330445329141058,0.3617299072731637
40,4,2,0.5,0.02044992275134108,-2.8548234555716343,1.482916761993412,0.40278055229691717,0.9567224212543589,1.5829457270977045,0.3617299072731637
40,5,2,1.0368731479800926,0.07457624366496055,1.5782925764723208,0.27806365108912223,-2.693419590190932,-1.3247388603031296,0.16788285737962863,0.3617299072731637
40,6,2,2.3108455584286105,0.008645242211052563,-0.18655315691634325,1.9053444343589532,0.2770559404753368,-1.5488463155869303,-0.7821823224323355,0.3617299072731637
40,7,2,2.341580375506874,0.07737267171133548,0.00798041195245126,1.852585439610292,1.7220656657399689,-0.3540664127996923,0.21032505006604263,0.3617299072731637
40,8,2,2.3723628683524893,0.09735648892458698,0.0830257225840257,1.7319579830899898,1.7908311734921178,0.09417942022653286,0.7873768077309595,0.3617299072731637
40,9,1,2.5021740605145486,0.05418706989212338,1.3306891752447283,1.455654314438604,0.5710415682277623,-0.33593857004493377,-0.39308443699467327,0.3617299072731637
41,0,0,1.119972551425227,0.05167189972798048,-0.0018958878265447987,0.7875379368377222,-0.3462162013110057,0.9166370236926894,0.9452618456214888,0.2873509435994319
41,1,2,1.968064618036896,0.023374097722720012,1.3950126725452043,0.9391668750704854,-0.3063953458148552,-1.829450158309849,1.010368613157631,0.2873509435994319
41,2,1,1.2980733310280863,0.03310156316942692,0.22286486216782503,0.9557296819588382,-0.611093933307851,-0.02347763535719287,-0.13671309887801533,0.2873509435994319
41,3,2,1.1743072263852792,0.027258917500751104,-1.1583123520900778,1.2655595312000312,0.3841213331241475,-0.62238761941985,-1.118664436246366,0.2873509435994319
41,4,1,1.1107321294604107,0.23757670571507655,0.8358133767364393,0.5491256266819917,0.1515501230278853,0.8264959561253159,-0.1232047179113179,0.2873509435994319
41,5,2,0.7359968873477324,0.03521501238255132,-0.3641965246035472,0.7015761887732123,-0.12625737324051928,-1.1865204211316975,0.5140651159295995,0.2873509435994319
41,6,1,0.9061219071072671,0.12312648280306294,-0.4441036944419844,0.918769542095042,0.5863637575394987,-0.10725410867687943,-0.9743549417926957,0.2873509435994319
41,7,2,1.2638413646622173,0.14460885354096037,1.0380956500800784,0.5917674100564487,0.08183312745013246,0.16588718691142695,-0.04097823713437499,0.2873509435994319
41,8,1,0.5,0.021579633060828676,-1.2494085352986888,0.5528819524952499,-1.083127691956717,0.2536623318404837,0.1626668048514554,0.2873509435994319
41,9,1,0.8542323164800157,0.015135890777209638,-1.7517904880276711,1.4371373537401924,0.4187609520642543,-0.136273078335957,1.2835545206163197,0.2873509435994319
42,0,0,1.3063400670126664,0.04231672814806125,-0.4880037147567741,1.1122588289292419,0.2110248630099523,0.6254685879128573,2.359938367618952,0.4113369226778839
42,1,0,1.7819875280829944,0.0937531425270324,1.1412454938813903,0.97219576744769,-0.3921331590645981,1.0247352916359886,0.6465919612806137,0.4113369226778839
42,2,1,0.5,0.010109148619469873,-2.4258511269482175,0.9184647444213617,0.12264776572315757,-1.3013488746080137,1.389873457976197,0.4113369226778839
42,3,2,0.862278506989907,0.051155090121720724,-1.1356471585542736,1.1015928268941177,0.2488375594202532,-0.5908957734029112,-0.8843973572939886,0.4113369226778839
42,4,0,2.626767598143477,0.02807443222118032,1.090011245938612,1.6489805335239314,0.261002524878943,-0.9378814999674236,-0.5687017551407606,0.4113369226778839
42,5,2,2.115691094069345,0.029104218210042034,1.1648334715150959,1.151812297425632,-0.5913798046897076,0.04616904339190313,0.6004907814008196,0.4113369226778839
42,6,1,2.0362997396177445,0.07395913774856001,1.7599506026672938,0.9196567763444271,-0.317693679026366,-0.21258263580791303,0.10826447427312962,0.4113369226778839
42,7,1,1.1333394184628731,0.05026773225267694,0.30663449886387617,0.6773802793111813,-0.7485329636843675,-0.5872356970307431,-0.46732787492585426,0.4113369226778839
42,8,2,2.0100069772251965,0.1721163240475178,0.48220054419040675,1.4371836027710685,0.28801749729503906,1.6087902160242917,-1.2456940594404688,0.4113369226778839
42,9,1,0.5,0.03780712342585467,-1.8630893699546152,1.0087828360317612,0.23914599848984733,-0.2295445456798837,-0.16978158273356497,0.4113369226778839
43,0,2,1.9842120277867012,0.12907963395231098,1.1422326135923446,0.9425371482054093,0.2563020716858455,-0.1279628992272175,-1.281343227418029,0.4295122795632986
43,1,0,2.265172203094088,0.01540407978681485,0.8684174061657237,1.2152915894158118,-0.07612215830025806,-1.956207989887433,0.3252055059107649,0.4295122795632986
43,2,2,2.0116963230861704,0.02359407168329578,-0.4038635090780776,1.762688278566347,0.7416357007737486,-0.21896331001918418,1.2794266255754783,0.4295122795632986
43,3,0,0.677614254192117,0.053802614972125434,-0.1930423352319717,0.5984860534471637,-0.6971421101837904,-0.7280088931013831,-0.2785324271361311,0.4295122795632986
43,4,2,5.814964336903226,0.000869908335385357,-0.6489819531366579,4.736963118957747,2.2635786207847044,-0.2841848479803226,2.143332726468505,0.4295122795632986
43,5,0,0.8713033079425312,0.0572163380277148,0.10972250668797884,0.6294985886838311,-0.038495669338720485,-0.8071877778710534,1.9529092636977805,0.4295122795632986
43,6,2,2.020834820964632,0.01406748004929268,-0.22078955035744796,1.5144106351969606,0.1847040380472347,-0.2940586373674921,0.8609894919307937,0.4295122795632986
43,7,0,2.327555377588261,0.04560064402244099,0.04963163437851705,1.8014063169223713,1.2472788810886621,-0.581258769938347,0.9017769241839366,0.4295122795632986
43,8,1,1.4945896753257182,0.12601815951487244,1.4621820201168643,0.6474550118842878,-0.2266050804015832,-0.9811424852895938,-0.7073790646081681,0.4295122795632986
43,9,1,1.3971026153979977,0.10483479009244803,1.5137983248995226,0.5266621108161794,-1.1719631467464016,0.08712149199059373,0.09073290489632418,0.4295122795632986
44,0,1,2.6563595490273797,0.028056823716352586,0.9840557891321059,1.591805668182907,0.6209002011128437,-1.11961884120009,0.5094103144657713,0.40813061252769445
44,1,2,2.1701114142671765,0.031148642809134357,1.1797969497959482,1.0608137294217097,-0.6736985721234534,-0.11704079160776457,-0.5367061006097296,0.40813061252769445
44,2,2,6.278007620289917,0.0004371002619747692,-0.9716128500063901,5.188040831604707,2.3270395179494683,-1.6638983294365035,0.4895870771318109,0.40813061252769445
44,3,1,2.025598901527431,0.03335738449855303,0.9062686037181908,1.3055917059196083,-0.009586118390076065,-0.7797238991358258,0.3947951783144413,0.40813061252769445
44,4,2,0.5,0.08188595298314627,-0.12918279916760878,0.3726464934554544,-0.9604360891226906,-1.0737027480387227,-1.1465645817489245,0.40813061252769445
44,5,1,1.7243275751894243,0.017525989245377002,-0.7091565288965334,1.613502151029743,0.0823897527331595,-0.5995552144578491,-0.8668412423760644,0.40813061252769445
44,6,0,2.4668467867352355,0.1797542768103075,1.4489056184847926,1.4215168597590064,0.3429977013916953,1.078295052060171,-1.4188194376872607,0.40813061252769445
44,7,2,1.8807178203752137,0.022133130580292187,-0.47602682861045875,1.6399421349970686,0.3309177715842589,0.5237647018110418,1.2737189070528367,0.40813061252769445
44,8,0,1.0914164898248429,0.13240461400341844,0.03217252366354831,0.7904775166413269,-0.2894454986674796,1.5447655528005024,0.5837454973218399,0.40813061252769445
44,9,1,0.5740896871915075,0.06516547256374947,-0.07469501660780725,0.38935384426629704,-1.879073537273939,0.30029975351542587,-0.01748818624298198,0.40813061252769445
45,0,1,0.5,0.08555306482557182,-0.3238684810281466,0.2158426562843025,-2.083015948668916,1.172386735099727,-0.5087494705952215,0.3106963182007778
45,1,0,1.9210564313342102,0.012356442542817484,0.2606310796135714,1.3895420628908988,-0.3230138693468437,-0.8609909054528458,0.5655371886391402,0.3106963182007778
45,2,0,3.9282005559468245,0.007741509866238103,0.4751906870269112,2.848609084248128,1.38077697167835,0.5226897782864548,0.3480107249577153,0.3106963182007778
45,3,0,0.5,0.011901062876360804,-1.3897804700317027,0.4905220336386145,-1.9744462009972519,-0.10137420744579921,0.6472414904739674,0.3106963182007778
45,4,0,1.8925887251218976,0.02651345155642242,-0.9909328011540963,1.8716951694895587,1.1991828629428845,0.6065295889188436,2.087862593889266,0.3106963182007778
45,5,1,0.8416154807231692,0.06446568800544177,0.5002656148480783,0.47954467058404,-0.7283980786421513,-0.7283672496168536,0.3833490891874098,0.3106963182007778
45,6,0,1.6050902263912443,0.24795104734443982,-0.5770464841249507,1.4726797159640528,1.277706730465344,1.4388521302111854,-2.0353657654048978,0.3106963182007778
45,7,2,1.0594484985121384,0.01608341438191884,-1.778613341529643,1.5716889451866565,0.1104350200787393,0.9524947916159495,0.9246244285844677,0.3106963182007778
45,8,1,0.8231508174629745,0.18463197246273483,-0.7914201737384294,1.0453372788403346,0.5648589244996876,-0.08522465063869783,-3.035282984740514,0.3106963182007778
45,9,0,3.5560181991518562,0.032106027937276294,-0.012307416664488372,2.768616967370373,2.0562580783685855,0.6120718987347328,-0.8817677086188391,0.3106963182007778
46,0,2,0.6385362544614246,0.061151733875777964,0.08874291037495358,0.5739791180149741,-1.6710121234596027,0.7526547200008108,-0.32746131640181186,0.2785317150084975
46,1,1,0.5,0.013144120205388616,-0.9110976831695572,0.45992262904610726,-2.03189250530174,-0.4448042412463285,0.7341947243653243,0.2785317150084975
46,2,1,6.525297142331259,0.004010653524274735,0.6778238291000322,4.801345121397951,2.3068781704956955,1.865655338402786,-0.9304902212330626,0.2785317150084975
46,3,0,2.342458362451165,0.03160011312640295,0.26603884852486587,1.7198388041137374,0.7991329433611916,-0.4478010906978155,-0.6114302161361589,0.2785317150084975
46,4,0,1.584350073939607,0.04294322078933598,-0.7771869021277121,1.495815670888747,1.00596674754173,0.22716733534744857,0.23096188806141613,0.2785317150084975
46,5,2,0.5,0.014295649140920233,-1.2434019200987663,0.5472085764860672,-1.6774001997662855,-0.9662901893580209,-0.9006472829577848,0.2785317150084975
46,6,2,0.810542199714815,0.15537691505879303,0.1607952895322925,0.5964787385186443,0.512679859026096,0.7318831602177697,1.7354378824883265,0.2785317150084975
46,7,0,1.2472268189985132,0.20370305468776934,1.3065225820047515,0.46393555932196273,-0.9410865342154369,1.7591901294163135,-0.2602856043778806,0.2785317150084975
46,8,1,1.6495624956033372,0.11167955127807996,1.586160291910825,0.8014414489476297,0.07902238815253201,-0.11688971852742767,0.25343333793999023,0.2785317150084975
46,9,0,0.8514245731172709,0.08356327330475967,-1.2935631031697965,1.1581331443849214,0.6972312092242452,1.0375532692096476,-0.24439248314793682,0.2785317150084975
47,0,1,1.1095037163069632,0.07340759926893846,0.49865423116978513,0.5774056378152035,-0.18831129657079387,-1.2579194451984475,0.01716785164046492,0.5025106775453378
47,1,0,0.742119470907617,0.03109462762261375,-0.4550226334989853,0.7753013055267154,-1.0716364875276823,-1.0870347189610297,-0.34803198645736133,0.5025106775453378
47,2,1,0.5778515238576303,0.10764377484572224,-0.10385736122727991,0.7481345066269006,-0.07606401602181084,-1.194409875551982,-0.16524255563267773,0.5025106775453378
47,3,0,1.861843778047561,0.04714584223007384,0.8950480641224023,1.0105000067382248,-0.23773067356104033,-0.5998298229120297,-0.25668610679148374,0.5025106775453378
47,4,0,2.5308426916112587,0.034192495691154685,0.6774891431056084,1.8262878854552351,0.644630485442087,-0.3876701590305516,0.5814538129882838,0.5025106775453378
47,5,2,1.57090526121731,0.09060364287470617,0.22624089981850037,1.0804395041042254,-0.07971408841767154,1.0184727314490227,0.8117132477257069,0.5025106775453378
47,6,0,0.5,0.02221787122043558,-1.6670273986441622,1.0096549075543446,-0.2124802974086213,-0.6807935641463959,0.48502101905874834,0.5025106775453378
47,7,0,1.3669675526047995,0.030458812300549684,0.5840845450608539,0.7899235909132057,-0.5245867102324305,-1.5672571554557118,0.7355274570274538,0.5025106775453378
47,8,0,0.5,0.04520179531908625,-0.39516927243562977,0.5106675069779335,-0.6122116297660921,-2.070148581610196,-0.07641530539461215,0.5025106775453378
47,9,1,3.3349024716938866,0.015522861081381446,0.48962893635211124,2.3765628643915075,0.9360495352029798,-0.58969695165247,-0.3480280234576213,0.5025106775453378
48,0,1,0.7997440713099575,0.08544269332366324,-0.09359406272201082,0.7232679671510672,-0.4296751119766582,0.027770216432300945,0.04139501127086788,0.4261071271443754
48,1,2,1.1754280373866999,0.05501423652700778,0.38492521135502356,0.702040830260946,-1.0576296332565047,-0.4341902370114502,-0.4090621984268626,0.4261071271443754
48,2,2,1.462807482194939,0.10260203740764674,0.5152325298773421,0.8709803524116871,0.0671181086098674,0.47497894978167765,0.3213122406496716,0.4261071271443754
48,3,1,2.725674941172819,0.04911890638548601,1.2998568289730694,1.71742536453714,0.8713374288483705,0.15657283077210526,1.997548352412509,0.4261071271443754
48,4,1,0.5,0.029292649233428367,-1.9189171725111192,0.8849907178469442,0.3903295796274869,-1.3334300718277678,-0.38769248374833154,0.4261071271443754
48,5,1,9.758743916002318,4.611488956258266e-05,1.0312565514778795,7.140085007479078,3.1938614377017034,-1.340093844494985,0.47829348071254363,0.4261071271443754
48,6,2,4.817708528947895,0.0020625319408757196,-0.3615220724779147,3.900620596660914,2.2593353096775415,-1.2257874008556806,1.5881972237605815,0.4261071271443754
48,7,1,2.4659417713690077,0.16380021208593679,0.20721306710862025,1.7672273912129608,1.5865961576297616,-0.2644303212820021,-1.8662365326730865,0.4261071271443754
48,8,0,2.861584823312309,0.027248292464736576,0.8890233187355772,1.909453967705425,0.6286327358610907,-0.0680981225861086,-0.1658000683785905,0.4261071271443754
48,9,1,1.6683687355767645,0.059265198597280876,-0.739513944420145,1.6130367135286332,0.6926817404982324,0.03383075851230739,-1.5631981447147063,0.4261071271443754
49,0,0,1.6907685780401738,0.0672763490992496,-0.24786260211675992,1.3513774081038408,0.7794723932478993,-0.8400027276070414,-1.3295336078106874,0.35961727663399956
49,1,1,1.3744021959060309,0.06980237998128762,0.8063610893638922,0.8385404018085224,-0.477732721701714,-0.6494476761607931,-0.9414841426328168,0.35961727663399956
49,2,2,0.8501131085523579,0.032199458768712226,-0.6665164494169461,0.9716576760035751,-0.208393925558178,-1.2760323012222827,-0.5557231611161967,0.35961727663399956
49,3,1,1.1153012150023762,0.0451739801390036,0.31349338938515386,0.818880856707842,-0.9657896586982311,-1.1671785577541567,-1.2296529462680856,0.35961727663399956
49,4,2,0.5,0.08689524251695424,-0.2853742837796102,0.3949372207619121,-0.9796949867278527,0.5155853235855765,-0.28251534816593804,0.35961727663399956
49,5,0,2.261392814454977,0.017919330800854595,0.532004441552434,1.4556298562887253,0.11113316023687848,-0.20490521671893425,0.635851345065008,0.35961727663399956
49,6,2,1.4780215503890028,0.18532195311237556,0.6186925469021028,0.8048037425853823,0.5013829899310844,0.5305651878944707,-0.1859078540473937,0.35961727663399956
49,7,0,1.498562803095419,0.033369404471693856,0.10459365888966403,1.1198784888727717,-0.03622446148101285,-1.1797065195704635,-0.7023998812878144,0.35961727663399956
49,8,1,2.676302390564674,0.03950995101911484,1.043671503611641,1.64341580407878,0.7350456415328026,-0.5528809762191923,-0.2554424703726508,0.35961727663399956
49,9,0,2.181274597368172,0.06291467345675429,0.6860978160874959,1.267450116890637,0.596719057808754,0.23490952162767173,0.004018834096980324,0.35961727663399956
