market_id,country,year,product_id,firm_id,launch_year,price,shares,xi_true,x1_ram,x2_battery,x3_screen,outside_share
USA_2018,USA,2018,iPhone_XS,Apple,2018,1006.0,0.078977,0.0762,4,2658,5.8,0.09495999999999993
USA_2018,USA,2018,iPhone_XR,Apple,2018,727.0,0.098804,-0.26,3,2942,6.1,0.09495999999999993
USA_2018,USA,2018,Galaxy_S9,Samsung,2018,732.0,0.159116,0.1876,4,3000,5.8,0.09495999999999993
USA_2018,USA,2018,Pixel_3,Google,2018,805.0,0.134419,0.2351,4,2915,5.5,0.09495999999999993
USA_2018,USA,2018,Mi_8,Xiaomi,2018,376.0,0.228754,-0.4878,6,3400,6.2,0.09495999999999993
USA_2018,USA,2018,OnePlus_6,OnePlus,2018,516.0,0.20497,-0.3255,6,3300,6.3,0.09495999999999993
USA_2019,USA,2019,iPhone_XS,Apple,2018,819.0,0.042944,-0.0025,4,2658,5.8,0.035772000000000026
USA_2019,USA,2019,iPhone_XR,Apple,2018,662.0,0.087826,0.3976,3,2942,6.1,0.035772000000000026
USA_2019,USA,2019,iPhone_11,Apple,2019,687.0,0.0654,0.0398,4,3110,6.1,0.035772000000000026
USA_2019,USA,2019,iPhone_11_Pro,Apple,2019,1024.0,0.029725,-0.007,4,3046,5.8,0.035772000000000026
USA_2019,USA,2019,Galaxy_S9,Samsung,2018,585.0,0.060729,-0.1651,4,3000,5.8,0.035772000000000026
USA_2019,USA,2019,Galaxy_S10,Samsung,2019,946.0,0.06815,0.1455,8,3400,6.1,0.035772000000000026
USA_2019,USA,2019,Pixel_3,Google,2018,672.0,0.063209,0.1192,4,2915,5.5,0.035772000000000026
USA_2019,USA,2019,Pixel_4,Google,2019,826.0,0.051879,0.0037,6,2800,5.7,0.035772000000000026
USA_2019,USA,2019,Mi_8,Xiaomi,2018,316.0,0.139736,-0.1975,6,3400,6.2,0.035772000000000026
USA_2019,USA,2019,Mi_9,Xiaomi,2019,464.0,0.134523,0.0325,6,3300,6.4,0.035772000000000026
USA_2019,USA,2019,OnePlus_6,OnePlus,2018,451.0,0.128741,-0.0174,6,3300,6.3,0.035772000000000026
USA_2019,USA,2019,OnePlus_7_Pro,OnePlus,2019,656.0,0.091366,-0.3334,8,4000,6.7,0.035772000000000026
USA_2020,USA,2020,iPhone_XS,Apple,2018,691.0,0.026312,-0.1733,4,2658,5.8,0.02098
USA_2020,USA,2020,iPhone_XR,Apple,2018,525.0,0.042128,-0.0434,3,2942,6.1,0.02098
USA_2020,USA,2020,iPhone_11,Apple,2019,601.0,0.042974,0.023,4,3110,6.1,0.02098
USA_2020,USA,2020,iPhone_11_Pro,Apple,2019,843.0,0.023291,-0.0378,4,3046,5.8,0.02098
USA_2020,USA,2020,iPhone_12,Apple,2020,829.0,0.025491,-0.0078,4,2815,6.1,0.02098
USA_2020,USA,2020,iPhone_12_Pro,Apple,2020,1021.0,0.014681,-0.3609,6,2815,6.1,0.02098
USA_2020,USA,2020,Galaxy_S9,Samsung,2018,474.0,0.039555,-0.2407,4,3000,5.8,0.02098
USA_2020,USA,2020,Galaxy_S10,Samsung,2019,752.0,0.045744,-0.0373,8,3400,6.1,0.02098
USA_2020,USA,2020,Galaxy_S20,Samsung,2020,1033.0,0.045454,-0.0413,12,4000,6.2,0.02098
USA_2020,USA,2020,Pixel_3,Google,2018,549.0,0.035044,-0.1415,4,2915,5.5,0.02098
USA_2020,USA,2020,Pixel_4,Google,2019,664.0,0.037916,-0.0443,6,2800,5.7,0.02098
USA_2020,USA,2020,Pixel_5,Google,2020,724.0,0.054231,0.0153,8,4080,6.0,0.02098
USA_2020,USA,2020,Mi_8,Xiaomi,2018,292.0,0.123714,0.2224,6,3400,6.2,0.02098
USA_2020,USA,2020,Mi_9,Xiaomi,2019,353.0,0.087954,-0.0248,6,3300,6.4,0.02098
USA_2020,USA,2020,Mi_10,Xiaomi,2020,624.0,0.090178,0.0998,8,4780,6.7,0.02098
USA_2020,USA,2020,OnePlus_6,OnePlus,2018,356.0,0.076724,-0.1354,6,3300,6.3,0.02098
USA_2020,USA,2020,OnePlus_7_Pro,OnePlus,2019,575.0,0.094578,0.143,8,4000,6.7,0.02098
USA_2020,USA,2020,OnePlus_8_Pro,OnePlus,2020,954.0,0.073051,0.0939,12,4510,6.8,0.02098
USA_2021,USA,2021,iPhone_11,Apple,2019,455.0,0.028211,-0.6482,4,3110,6.1,0.021841
USA_2021,USA,2021,iPhone_11_Pro,Apple,2019,766.0,0.045245,0.5139,4,3046,5.8,0.021841
USA_2021,USA,2021,iPhone_12,Apple,2020,704.0,0.025303,-0.2236,4,2815,6.1,0.021841
USA_2021,USA,2021,iPhone_12_Pro,Apple,2020,933.0,0.039851,0.513,6,2815,6.1,0.021841
USA_2021,USA,2021,iPhone_13,Apple,2021,829.0,0.018023,-0.3623,4,3227,6.1,0.021841
USA_2021,USA,2021,iPhone_13_Pro,Apple,2021,1079.0,0.01504,-0.2031,6,3095,6.1,0.021841
USA_2021,USA,2021,Galaxy_S10,Samsung,2019,613.0,0.034004,-0.5507,8,3400,6.1,0.021841
USA_2021,USA,2021,Galaxy_S20,Samsung,2020,887.0,0.064013,0.0905,12,4000,6.2,0.021841
USA_2021,USA,2021,Galaxy_S21,Samsung,2021,837.0,0.031371,-0.2753,8,4000,6.2,0.021841
USA_2021,USA,2021,Pixel_4,Google,2019,554.0,0.035879,-0.2683,6,2800,5.7,0.021841
USA_2021,USA,2021,Pixel_5,Google,2020,616.0,0.044242,-0.3431,8,4080,6.0,0.021841
USA_2021,USA,2021,Pixel_6,Google,2021,665.0,0.079299,0.1943,8,4614,6.4,0.021841
USA_2021,USA,2021,Mi_9,Xiaomi,2019,341.0,0.104822,0.1779,6,3300,6.4,0.021841
USA_2021,USA,2021,Mi_10,Xiaomi,2020,559.0,0.137526,0.453,8,4780,6.7,0.021841
USA_2021,USA,2021,Mi_11,Xiaomi,2021,557.0,0.073831,-0.1714,8,4600,6.8,0.021841
USA_2021,USA,2021,OnePlus_7_Pro,OnePlus,2019,505.0,0.093682,0.0547,8,4000,6.7,0.021841
USA_2021,USA,2021,OnePlus_8_Pro,OnePlus,2020,765.0,0.064807,-0.3223,12,4510,6.8,0.021841
USA_2021,USA,2021,OnePlus_9_Pro,OnePlus,2021,855.0,0.04301,-0.0838,8,4500,6.7,0.021841
USA_2022,USA,2022,iPhone_12,Apple,2020,607.0,0.032401,-0.1289,4,2815,6.1,0.020287999999999973
USA_2022,USA,2022,iPhone_12_Pro,Apple,2020,765.0,0.025751,-0.208,6,2815,6.1,0.020287999999999973
USA_2022,USA,2022,iPhone_13,Apple,2021,761.0,0.034137,0.1818,4,3227,6.1,0.020287999999999973
USA_2022,USA,2022,iPhone_13_Pro,Apple,2021,936.0,0.020718,-0.1171,6,3095,6.1,0.020287999999999973
USA_2022,USA,2022,iPhone_14,Apple,2022,950.0,0.026514,0.1355,6,3279,6.1,0.020287999999999973
USA_2022,USA,2022,iPhone_14_Pro,Apple,2022,1155.0,0.011528,-0.2779,6,3200,6.1,0.020287999999999973
USA_2022,USA,2022,Galaxy_S20,Samsung,2020,746.0,0.05112,-0.3381,12,4000,6.2,0.020287999999999973
USA_2022,USA,2022,Galaxy_S21,Samsung,2021,785.0,0.052078,0.1888,8,4000,6.2,0.020287999999999973
USA_2022,USA,2022,Galaxy_S22,Samsung,2022,943.0,0.03166,0.0631,8,3700,6.1,0.020287999999999973
USA_2022,USA,2022,Pixel_5,Google,2020,582.0,0.079054,0.2306,8,4080,6.0,0.020287999999999973
USA_2022,USA,2022,Pixel_6,Google,2021,570.0,0.065004,-0.1331,8,4614,6.4,0.020287999999999973
USA_2022,USA,2022,Pixel_7,Google,2022,698.0,0.044779,-0.1988,8,4355,6.3,0.020287999999999973
USA_2022,USA,2022,Mi_10,Xiaomi,2020,499.0,0.130281,0.3402,8,4780,6.7,0.020287999999999973
USA_2022,USA,2022,Mi_11,Xiaomi,2021,462.0,0.068114,-0.3807,8,4600,6.8,0.020287999999999973
USA_2022,USA,2022,Xiaomi_12,Xiaomi,2022,648.0,0.083997,0.3129,8,4500,6.3,0.020287999999999973
USA_2022,USA,2022,OnePlus_8_Pro,OnePlus,2020,726.0,0.124409,0.3301,12,4510,6.8,0.020287999999999973
USA_2022,USA,2022,OnePlus_9_Pro,OnePlus,2021,779.0,0.063494,0.215,8,4500,6.7,0.020287999999999973
USA_2022,USA,2022,OnePlus_10_Pro,OnePlus,2022,918.0,0.034673,-0.172,8,5000,6.7,0.020287999999999973
USA_2023,USA,2023,iPhone_13,Apple,2021,650.0,0.037744,0.1126,4,3227,6.1,0.01637500000000003
USA_2023,USA,2023,iPhone_13_Pro,Apple,2021,795.0,0.024732,-0.1764,6,3095,6.1,0.01637500000000003
USA_2023,USA,2023,iPhone_14,Apple,2022,807.0,0.037999,0.255,6,3279,6.1,0.01637500000000003
USA_2023,USA,2023,iPhone_14_Pro,Apple,2022,995.0,0.024219,0.1901,6,3200,6.1,0.01637500000000003
USA_2023,USA,2023,iPhone_15,Apple,2023,969.0,0.026018,0.1918,6,3349,6.1,0.01637500000000003
USA_2023,USA,2023,iPhone_15_Pro,Apple,2023,1223.0,0.016358,0.0537,8,3274,6.1,0.01637500000000003
USA_2023,USA,2023,Galaxy_S21,Samsung,2021,639.0,0.071858,0.2585,8,4000,6.2,0.01637500000000003
USA_2023,USA,2023,Galaxy_S22,Samsung,2022,809.0,0.051319,0.3179,8,3700,6.1,0.01637500000000003
USA_2023,USA,2023,Galaxy_S23,Samsung,2023,964.0,0.030112,0.0708,8,3900,6.1,0.01637500000000003
USA_2023,USA,2023,Galaxy_A54,Samsung,2023,545.0,0.076362,-0.0287,8,5000,6.4,0.01637500000000003
USA_2023,USA,2023,Pixel_6,Google,2021,483.0,0.106215,0.2236,8,4614,6.4,0.01637500000000003
USA_2023,USA,2023,Pixel_7,Google,2022,570.0,0.054093,-0.226,8,4355,6.3,0.01637500000000003
USA_2023,USA,2023,Pixel_8,Google,2023,830.0,0.033908,-0.1795,8,4575,6.2,0.01637500000000003
USA_2023,USA,2023,Pixel_8_Pro,Google,2023,1218.0,0.033485,-0.0133,12,5050,6.7,0.01637500000000003
USA_2023,USA,2023,Mi_11,Xiaomi,2021,377.0,0.073465,-0.4353,8,4600,6.8,0.01637500000000003
USA_2023,USA,2023,Xiaomi_12,Xiaomi,2022,543.0,0.089572,0.2069,8,4500,6.3,0.01637500000000003
USA_2023,USA,2023,Xiaomi_13,Xiaomi,2023,700.0,0.042666,-0.2407,8,4500,6.4,0.01637500000000003
USA_2023,USA,2023,OnePlus_9_Pro,OnePlus,2021,649.0,0.056728,-0.1179,8,4500,6.7,0.01637500000000003
USA_2023,USA,2023,OnePlus_10_Pro,OnePlus,2022,771.0,0.050341,-0.0533,8,5000,6.7,0.01637500000000003
USA_2023,USA,2023,OnePlus_11,OnePlus,2023,843.0,0.046431,0.0098,8,5000,6.7,0.01637500000000003
USA_2024,USA,2024,iPhone_14,Apple,2022,697.0,0.05938,0.3263,6,3279,6.1,0.018496999999999986
USA_2024,USA,2024,iPhone_14_Pro,Apple,2022,828.0,0.036296,0.1055,6,3200,6.1,0.018496999999999986
USA_2024,USA,2024,iPhone_15,Apple,2023,788.0,0.029307,-0.2062,6,3349,6.1,0.018496999999999986
USA_2024,USA,2024,iPhone_15_Pro,Apple,2023,1010.0,0.033924,0.2012,8,3274,6.1,0.018496999999999986
USA_2024,USA,2024,Galaxy_S22,Samsung,2022,687.0,0.09756,0.5604,8,3700,6.1,0.018496999999999986
USA_2024,USA,2024,Galaxy_S23,Samsung,2023,779.0,0.044956,-0.0544,8,3900,6.1,0.018496999999999986
USA_2024,USA,2024,Galaxy_S24,Samsung,2024,985.0,0.037251,0.1376,8,4000,6.2,0.018496999999999986
USA_2024,USA,2024,Galaxy_A54,Samsung,2023,433.0,0.103144,-0.108,8,5000,6.4,0.018496999999999986
USA_2024,USA,2024,Pixel_7,Google,2022,497.0,0.093693,0.0213,8,4355,6.3,0.018496999999999986
USA_2024,USA,2024,Pixel_8,Google,2023,668.0,0.044983,-0.3768,8,4575,6.2,0.018496999999999986
USA_2024,USA,2024,Pixel_8_Pro,Google,2023,1000.0,0.061393,-0.0001,12,5050,6.7,0.018496999999999986
USA_2024,USA,2024,Xiaomi_12,Xiaomi,2022,448.0,0.104061,0.0109,8,4500,6.3,0.018496999999999986
USA_2024,USA,2024,Xiaomi_13,Xiaomi,2023,634.0,0.113503,0.4497,8,4500,6.4,0.018496999999999986
USA_2024,USA,2024,OnePlus_10_Pro,OnePlus,2022,621.0,0.053481,-0.4488,8,5000,6.7,0.018496999999999986
USA_2024,USA,2024,OnePlus_11,OnePlus,2023,686.0,0.068571,-0.0702,8,5000,6.7,0.018496999999999986
Brazil_2018,Brazil,2018,iPhone_XS,Apple,2018,1579.0,0.007929,0.2191,4,2658,5.8,0.49472099999999997
Brazil_2018,Brazil,2018,iPhone_XR,Apple,2018,1130.0,0.014166,-0.628,3,2942,6.1,0.49472099999999997
Brazil_2018,Brazil,2018,Galaxy_S9,Samsung,2018,1134.0,0.039052,0.3484,4,3000,5.8,0.49472099999999997
Brazil_2018,Brazil,2018,Pixel_3,Google,2018,1198.0,0.012563,-0.5107,4,2915,5.5,0.49472099999999997
Brazil_2018,Brazil,2018,Mi_8,Xiaomi,2018,653.0,0.3349,0.6091,6,3400,6.2,0.49472099999999997
Brazil_2018,Brazil,2018,OnePlus_6,OnePlus,2018,823.0,0.096669,-0.0974,6,3300,6.3,0.49472099999999997
Brazil_2019,Brazil,2019,iPhone_XS,Apple,2018,1288.0,0.010073,-0.0692,4,2658,5.8,0.32099999999999995
Brazil_2019,Brazil,2019,iPhone_XR,Apple,2018,959.0,0.031279,0.0194,3,2942,6.1,0.32099999999999995
Brazil_2019,Brazil,2019,iPhone_11,Apple,2019,1110.0,0.026927,0.2302,4,3110,6.1,0.32099999999999995
Brazil_2019,Brazil,2019,iPhone_11_Pro,Apple,2019,1603.0,0.004566,0.101,4,3046,5.8,0.32099999999999995
Brazil_2019,Brazil,2019,Galaxy_S9,Samsung,2018,980.0,0.039449,0.2693,4,3000,5.8,0.32099999999999995
Brazil_2019,Brazil,2019,Galaxy_S10,Samsung,2019,1437.0,0.015939,0.261,8,3400,6.1,0.32099999999999995
Brazil_2019,Brazil,2019,Pixel_3,Google,2018,1045.0,0.024039,0.0521,4,2915,5.5,0.32099999999999995
Brazil_2019,Brazil,2019,Pixel_4,Google,2019,1276.0,0.015295,0.0941,6,2800,5.7,0.32099999999999995
Brazil_2019,Brazil,2019,Mi_8,Xiaomi,2018,551.0,0.221992,0.2772,6,3400,6.2,0.32099999999999995
Brazil_2019,Brazil,2019,Mi_9,Xiaomi,2019,721.0,0.07607,-0.2778,6,3300,6.4,0.32099999999999995
Brazil_2019,Brazil,2019,OnePlus_6,OnePlus,2018,749.0,0.168075,0.6246,6,3300,6.3,0.32099999999999995
Brazil_2019,Brazil,2019,OnePlus_7_Pro,OnePlus,2019,1049.0,0.045296,-0.1281,8,4000,6.7,0.32099999999999995
Brazil_2020,Brazil,2020,iPhone_XS,Apple,2018,1086.0,0.019593,0.3316,4,2658,5.8,0.250934
Brazil_2020,Brazil,2020,iPhone_XR,Apple,2018,809.0,0.035739,0.0517,3,2942,6.1,0.250934
Brazil_2020,Brazil,2020,iPhone_11,Apple,2019,935.0,0.025715,0.0061,4,3110,6.1,0.250934
Brazil_2020,Brazil,2020,iPhone_11_Pro,Apple,2019,1308.0,0.008574,0.1691,4,3046,5.8,0.250934
Brazil_2020,Brazil,2020,iPhone_12,Apple,2020,1287.0,0.009966,0.22,4,2815,6.1,0.250934
Brazil_2020,Brazil,2020,iPhone_12_Pro,Apple,2020,1623.0,0.003878,0.1375,6,2815,6.1,0.250934
Brazil_2020,Brazil,2020,Galaxy_S9,Samsung,2018,790.0,0.047123,0.221,4,3000,5.8,0.250934
Brazil_2020,Brazil,2020,Galaxy_S10,Samsung,2019,1191.0,0.020438,0.1128,8,3400,6.1,0.250934
Brazil_2020,Brazil,2020,Galaxy_S20,Samsung,2020,1625.0,0.009716,0.1387,12,4000,6.2,0.250934
Brazil_2020,Brazil,2020,Pixel_3,Google,2018,837.0,0.025235,-0.1829,4,2915,5.5,0.250934
Brazil_2020,Brazil,2020,Pixel_4,Google,2019,1075.0,0.028286,0.4526,6,2800,5.7,0.250934
Brazil_2020,Brazil,2020,Pixel_5,Google,2020,1092.0,0.01958,-0.3084,8,4080,6.0,0.250934
Brazil_2020,Brazil,2020,Mi_8,Xiaomi,2018,431.0,0.181258,0.0773,6,3400,6.2,0.250934
Brazil_2020,Brazil,2020,Mi_9,Xiaomi,2019,584.0,0.075701,-0.3342,6,3300,6.4,0.250934
Brazil_2020,Brazil,2020,Mi_10,Xiaomi,2020,939.0,0.053091,-0.0245,8,4780,6.7,0.250934
Brazil_2020,Brazil,2020,OnePlus_6,OnePlus,2018,545.0,0.101794,-0.1428,6,3300,6.3,0.250934
Brazil_2020,Brazil,2020,OnePlus_7_Pro,OnePlus,2019,865.0,0.064954,0.0339,8,4000,6.7,0.250934
Brazil_2020,Brazil,2020,OnePlus_8_Pro,OnePlus,2020,1465.0,0.018425,0.0854,12,4510,6.8,0.250934
Brazil_2021,Brazil,2021,iPhone_11,Apple,2019,775.0,0.042276,-0.0669,4,3110,6.1,0.24344900000000003
Brazil_2021,Brazil,2021,iPhone_11_Pro,Apple,2019,1114.0,0.013991,-0.0202,4,3046,5.8,0.24344900000000003
Brazil_2021,Brazil,2021,iPhone_12,Apple,2020,1078.0,0.013734,-0.1862,4,2815,6.1,0.24344900000000003
Brazil_2021,Brazil,2021,iPhone_12_Pro,Apple,2020,1398.0,0.011098,0.4312,6,2815,6.1,0.24344900000000003
Brazil_2021,Brazil,2021,iPhone_13,Apple,2021,1302.0,0.006159,-0.3209,4,3227,6.1,0.24344900000000003
Brazil_2021,Brazil,2021,iPhone_13_Pro,Apple,2021,1660.0,0.002918,-0.0999,6,3095,6.1,0.24344900000000003
Brazil_2021,Brazil,2021,Galaxy_S10,Samsung,2019,1025.0,0.032383,0.0269,8,3400,6.1,0.24344900000000003
Brazil_2021,Brazil,2021,Galaxy_S20,Samsung,2020,1367.0,0.017479,-0.0628,12,4000,6.2,0.24344900000000003
Brazil_2021,Brazil,2021,Galaxy_S21,Samsung,2021,1328.0,0.010828,-0.191,8,4000,6.2,0.24344900000000003
Brazil_2021,Brazil,2021,Pixel_4,Google,2019,840.0,0.025191,-0.4529,6,2800,5.7,0.24344900000000003
Brazil_2021,Brazil,2021,Pixel_5,Google,2020,959.0,0.034836,-0.1729,8,4080,6.0,0.24344900000000003
Brazil_2021,Brazil,2021,Pixel_6,Google,2021,980.0,0.035183,-0.2398,8,4614,6.4,0.24344900000000003
Brazil_2021,Brazil,2021,Mi_9,Xiaomi,2019,549.0,0.186869,0.4198,6,3300,6.4,0.24344900000000003
Brazil_2021,Brazil,2021,Mi_10,Xiaomi,2020,864.0,0.123681,0.5662,8,4780,6.7,0.24344900000000003
Brazil_2021,Brazil,2021,Mi_11,Xiaomi,2021,829.0,0.077419,-0.0127,8,4600,6.8,0.24344900000000003
Brazil_2021,Brazil,2021,OnePlus_7_Pro,OnePlus,2019,707.0,0.074377,-0.3512,8,4000,6.7,0.24344900000000003
Brazil_2021,Brazil,2021,OnePlus_8_Pro,OnePlus,2020,1273.0,0.036247,0.1845,12,4510,6.8,0.24344900000000003
Brazil_2021,Brazil,2021,OnePlus_9_Pro,OnePlus,2021,1332.0,0.011882,-0.2453,8,4500,6.7,0.24344900000000003
Brazil_2022,Brazil,2022,iPhone_12,Apple,2020,980.0,0.022467,-0.1327,4,2815,6.1,0.30562599999999995
Brazil_2022,Brazil,2022,iPhone_12_Pro,Apple,2020,1218.0,0.017251,0.1642,6,2815,6.1,0.30562599999999995
Brazil_2022,Brazil,2022,iPhone_13,Apple,2021,1158.0,0.010439,-0.3791,4,3227,6.1,0.30562599999999995
Brazil_2022,Brazil,2022,iPhone_13_Pro,Apple,2021,1499.0,0.007892,0.2477,6,3095,6.1,0.30562599999999995
Brazil_2022,Brazil,2022,iPhone_14,Apple,2022,1432.0,0.005224,-0.4013,6,3279,6.1,0.30562599999999995
Brazil_2022,Brazil,2022,iPhone_14_Pro,Apple,2022,1793.0,0.00229,-0.0614,6,3200,6.1,0.30562599999999995
Brazil_2022,Brazil,2022,Galaxy_S20,Samsung,2020,1198.0,0.024981,-0.3997,12,4000,6.2,0.30562599999999995
Brazil_2022,Brazil,2022,Galaxy_S21,Samsung,2021,1150.0,0.020443,-0.2641,8,4000,6.2,0.30562599999999995
Brazil_2022,Brazil,2022,Galaxy_S22,Samsung,2022,1483.0,0.011996,0.3244,8,3700,6.1,0.30562599999999995
Brazil_2022,Brazil,2022,Pixel_5,Google,2020,846.0,0.088698,0.2611,8,4080,6.0,0.30562599999999995
Brazil_2022,Brazil,2022,Pixel_6,Google,2021,907.0,0.08656,0.2878,8,4614,6.4,0.30562599999999995
Brazil_2022,Brazil,2022,Pixel_7,Google,2022,1079.0,0.024761,-0.3622,8,4355,6.3,0.30562599999999995
Brazil_2022,Brazil,2022,Mi_10,Xiaomi,2020,717.0,0.099302,-0.2628,8,4780,6.7,0.30562599999999995
Brazil_2022,Brazil,2022,Mi_11,Xiaomi,2021,751.0,0.125901,0.085,8,4600,6.8,0.30562599999999995
Brazil_2022,Brazil,2022,Xiaomi_12,Xiaomi,2022,994.0,0.056813,0.1788,8,4500,6.3,0.30562599999999995
Brazil_2022,Brazil,2022,OnePlus_8_Pro,OnePlus,2020,1068.0,0.055432,-0.1999,12,4510,6.8,0.30562599999999995
Brazil_2022,Brazil,2022,OnePlus_9_Pro,OnePlus,2021,1190.0,0.023784,-0.1447,8,4500,6.7,0.30562599999999995
Brazil_2022,Brazil,2022,OnePlus_10_Pro,OnePlus,2022,1432.0,0.01014,-0.2828,8,5000,6.7,0.30562599999999995
Brazil_2023,Brazil,2023,iPhone_13,Apple,2021,949.0,0.017211,-0.5358,4,3227,6.1,0.283189
Brazil_2023,Brazil,2023,iPhone_13_Pro,Apple,2021,1281.0,0.017535,0.3606,6,3095,6.1,0.283189
Brazil_2023,Brazil,2023,iPhone_14,Apple,2022,1201.0,0.013096,-0.2094,6,3279,6.1,0.283189
Brazil_2023,Brazil,2023,iPhone_14_Pro,Apple,2022,1537.0,0.005903,0.0784,6,3200,6.1,0.283189
Brazil_2023,Brazil,2023,iPhone_15,Apple,2023,1507.0,0.006399,0.0453,6,3349,6.1,0.283189
Brazil_2023,Brazil,2023,iPhone_15_Pro,Apple,2023,1800.0,0.00299,0.0118,8,3274,6.1,0.283189
Brazil_2023,Brazil,2023,Galaxy_S21,Samsung,2021,994.0,0.032888,-0.2765,8,4000,6.2,0.283189
Brazil_2023,Brazil,2023,Galaxy_S22,Samsung,2022,1199.0,0.013104,-0.4847,8,3700,6.1,0.283189
Brazil_2023,Brazil,2023,Galaxy_S23,Samsung,2023,1488.0,0.006728,-0.2506,8,3900,6.1,0.283189
Brazil_2023,Brazil,2023,Galaxy_A54,Samsung,2023,859.0,0.096369,0.2066,8,5000,6.4,0.283189
Brazil_2023,Brazil,2023,Pixel_6,Google,2021,739.0,0.076528,-0.3617,8,4614,6.4,0.283189
Brazil_2023,Brazil,2023,Pixel_7,Google,2022,907.0,0.048938,-0.2201,8,4355,6.3,0.283189
Brazil_2023,Brazil,2023,Pixel_8,Google,2023,1295.0,0.019687,0.1045,8,4575,6.2,0.283189
Brazil_2023,Brazil,2023,Pixel_8_Pro,Google,2023,1800.0,0.005222,-0.2569,12,5050,6.7,0.283189
Brazil_2023,Brazil,2023,Mi_11,Xiaomi,2021,614.0,0.154759,-0.1358,8,4600,6.8,0.283189
Brazil_2023,Brazil,2023,Xiaomi_12,Xiaomi,2022,841.0,0.078232,0.0205,8,4500,6.3,0.283189
Brazil_2023,Brazil,2023,Xiaomi_13,Xiaomi,2023,1130.0,0.033284,0.0707,8,4500,6.4,0.283189
Brazil_2023,Brazil,2023,OnePlus_9_Pro,OnePlus,2021,974.0,0.041755,-0.2618,8,4500,6.7,0.283189
Brazil_2023,Brazil,2023,OnePlus_10_Pro,OnePlus,2022,1250.0,0.024672,0.0352,8,5000,6.7,0.283189
Brazil_2023,Brazil,2023,OnePlus_11,OnePlus,2023,1313.0,0.021511,0.0997,8,5000,6.7,0.283189
Brazil_2024,Brazil,2024,iPhone_14,Apple,2022,989.0,0.018799,-0.4996,6,3279,6.1,0.31033600000000006
Brazil_2024,Brazil,2024,iPhone_14_Pro,Apple,2022,1276.0,0.015064,0.2068,6,3200,6.1,0.31033600000000006
Brazil_2024,Brazil,2024,iPhone_15,Apple,2023,1271.0,0.016821,0.2832,6,3349,6.1,0.31033600000000006
Brazil_2024,Brazil,2024,iPhone_15_Pro,Apple,2023,1580.0,0.00839,0.3703,8,3274,6.1,0.31033600000000006
Brazil_2024,Brazil,2024,Galaxy_S22,Samsung,2022,1080.0,0.051963,0.5427,8,3700,6.1,0.31033600000000006
Brazil_2024,Brazil,2024,Galaxy_S23,Samsung,2023,1274.0,0.020174,0.1934,8,3900,6.1,0.31033600000000006
Brazil_2024,Brazil,2024,Galaxy_S24,Samsung,2024,1528.0,0.00866,0.1285,8,4000,6.2,0.31033600000000006
Brazil_2024,Brazil,2024,Galaxy_A54,Samsung,2023,741.0,0.145696,0.2729,8,5000,6.4,0.31033600000000006
Brazil_2024,Brazil,2024,Pixel_7,Google,2022,754.0,0.077315,-0.2217,8,4355,6.3,0.31033600000000006
Brazil_2024,Brazil,2024,Pixel_8,Google,2023,1042.0,0.025443,-0.418,8,4575,6.2,0.31033600000000006
Brazil_2024,Brazil,2024,Pixel_8_Pro,Google,2023,1550.0,0.012895,-0.1193,12,5050,6.7,0.31033600000000006
Brazil_2024,Brazil,2024,Xiaomi_12,Xiaomi,2022,744.0,0.139539,0.3193,8,4500,6.3,0.31033600000000006
Brazil_2024,Brazil,2024,Xiaomi_13,Xiaomi,2023,914.0,0.050895,-0.1653,8,4500,6.4,0.31033600000000006
Brazil_2024,Brazil,2024,OnePlus_10_Pro,OnePlus,2022,1028.0,0.052807,0.1164,8,5000,6.7,0.31033600000000006
Brazil_2024,Brazil,2024,OnePlus_11,OnePlus,2023,1085.0,0.045203,0.1433,8,5000,6.7,0.31033600000000006
Germany_2018,Germany,2018,iPhone_XS,Apple,2018,1118.0,0.060048,0.0029,4,2658,5.8,0.09730900000000009
Germany_2018,Germany,2018,iPhone_XR,Apple,2018,839.0,0.13021,0.276,3,2942,6.1,0.09730900000000009
Germany_2018,Germany,2018,Galaxy_S9,Samsung,2018,791.0,0.119082,0.0579,4,3000,5.8,0.09730900000000009
Germany_2018,Germany,2018,Pixel_3,Google,2018,896.0,0.088128,0.0161,4,2915,5.5,0.09730900000000009
Germany_2018,Germany,2018,Mi_8,Xiaomi,2018,449.0,0.318667,0.0931,6,3400,6.2,0.09730900000000009
Germany_2018,Germany,2018,OnePlus_6,OnePlus,2018,562.0,0.186556,-0.2469,6,3300,6.3,0.09730900000000009
Germany_2019,Germany,2019,iPhone_XS,Apple,2018,897.0,0.029626,-0.385,4,2658,5.8,0.05855300000000008
Germany_2019,Germany,2019,iPhone_XR,Apple,2018,703.0,0.071575,0.1443,3,2942,6.1,0.05855300000000008
Germany_2019,Germany,2019,iPhone_11,Apple,2019,731.0,0.035391,-0.6202,4,3110,6.1,0.05855300000000008
Germany_2019,Germany,2019,iPhone_11_Pro,Apple,2019,1132.0,0.032716,0.0907,4,3046,5.8,0.05855300000000008
Germany_2019,Germany,2019,Galaxy_S9,Samsung,2018,681.0,0.075013,0.1142,4,3000,5.8,0.05855300000000008
Germany_2019,Germany,2019,Galaxy_S10,Samsung,2019,1004.0,0.051522,-0.1986,8,3400,6.1,0.05855300000000008
Germany_2019,Germany,2019,Pixel_3,Google,2018,719.0,0.042792,-0.3085,4,2915,5.5,0.05855300000000008
Germany_2019,Germany,2019,Pixel_4,Google,2019,912.0,0.046392,-0.102,6,2800,5.7,0.05855300000000008
Germany_2019,Germany,2019,Mi_8,Xiaomi,2018,382.0,0.185879,0.1599,6,3400,6.2,0.05855300000000008
Germany_2019,Germany,2019,Mi_9,Xiaomi,2019,502.0,0.143108,0.0864,6,3300,6.4,0.05855300000000008
Germany_2019,Germany,2019,OnePlus_6,OnePlus,2018,458.0,0.105477,-0.2779,6,3300,6.3,0.05855300000000008
Germany_2019,Germany,2019,OnePlus_7_Pro,OnePlus,2019,757.0,0.121956,0.0264,8,4000,6.7,0.05855300000000008
Germany_2020,Germany,2020,iPhone_XS,Apple,2018,798.0,0.033018,0.1889,4,2658,5.8,0.022707000000000033
Germany_2020,Germany,2020,iPhone_XR,Apple,2018,561.0,0.03252,-0.2611,3,2942,6.1,0.022707000000000033
Germany_2020,Germany,2020,iPhone_11,Apple,2019,664.0,0.058639,0.4079,4,3110,6.1,0.022707000000000033
Germany_2020,Germany,2020,iPhone_11_Pro,Apple,2019,931.0,0.024841,0.0973,4,3046,5.8,0.022707000000000033
Germany_2020,Germany,2020,iPhone_12,Apple,2020,931.0,0.02865,0.2076,4,2815,6.1,0.022707000000000033
Germany_2020,Germany,2020,iPhone_12_Pro,Apple,2020,1161.0,0.020937,0.1226,6,2815,6.1,0.022707000000000033
Germany_2020,Germany,2020,Galaxy_S9,Samsung,2018,547.0,0.049694,0.1049,4,3000,5.8,0.022707000000000033
Germany_2020,Germany,2020,Galaxy_S10,Samsung,2019,830.0,0.026824,-0.4994,8,3400,6.1,0.022707000000000033
Germany_2020,Germany,2020,Galaxy_S20,Samsung,2020,1159.0,0.05623,0.2767,12,4000,6.2,0.022707000000000033
Germany_2020,Germany,2020,Pixel_3,Google,2018,575.0,0.022573,-0.5636,4,2915,5.5,0.022707000000000033
Germany_2020,Germany,2020,Pixel_4,Google,2019,747.0,0.046352,0.254,6,2800,5.7,0.022707000000000033
Germany_2020,Germany,2020,Pixel_5,Google,2020,811.0,0.04987,0.0249,8,4080,6.0,0.022707000000000033
Germany_2020,Germany,2020,Mi_8,Xiaomi,2018,315.0,0.114519,0.2089,6,3400,6.2,0.022707000000000033
Germany_2020,Germany,2020,Mi_9,Xiaomi,2019,413.0,0.083352,0.0396,6,3300,6.4,0.022707000000000033
Germany_2020,Germany,2020,Mi_10,Xiaomi,2020,696.0,0.097171,0.2609,8,4780,6.7,0.022707000000000033
Germany_2020,Germany,2020,OnePlus_6,OnePlus,2018,421.0,0.07772,0.004,6,3300,6.3,0.022707000000000033
Germany_2020,Germany,2020,OnePlus_7_Pro,OnePlus,2019,634.0,0.081758,0.0702,8,4000,6.7,0.022707000000000033
Germany_2020,Germany,2020,OnePlus_8_Pro,OnePlus,2020,1020.0,0.072625,0.1012,12,4510,6.8,0.022707000000000033
Germany_2021,Germany,2021,iPhone_11,Apple,2019,543.0,0.047761,0.0209,4,3110,6.1,0.022394000000000025
Germany_2021,Germany,2021,iPhone_11_Pro,Apple,2019,801.0,0.03647,0.2832,4,3046,5.8,0.022394000000000025
Germany_2021,Germany,2021,iPhone_12,Apple,2020,804.0,0.038056,0.2989,4,2815,6.1,0.022394000000000025
Germany_2021,Germany,2021,iPhone_12_Pro,Apple,2020,964.0,0.018547,-0.3114,6,2815,6.1,0.022394000000000025
Germany_2021,Germany,2021,iPhone_13,Apple,2021,926.0,0.020155,-0.1665,4,3227,6.1,0.022394000000000025
Germany_2021,Germany,2021,iPhone_13_Pro,Apple,2021,1203.0,0.021079,0.2132,6,3095,6.1,0.022394000000000025
Germany_2021,Germany,2021,Galaxy_S10,Samsung,2019,711.0,0.06229,0.176,8,3400,6.1,0.022394000000000025
Germany_2021,Germany,2021,Galaxy_S20,Samsung,2020,954.0,0.049942,-0.1538,12,4000,6.2,0.022394000000000025
Germany_2021,Germany,2021,Galaxy_S21,Samsung,2021,939.0,0.033642,-0.1216,8,4000,6.2,0.022394000000000025
Germany_2021,Germany,2021,Pixel_4,Google,2019,645.0,0.042294,0.0206,6,2800,5.7,0.022394000000000025
Germany_2021,Germany,2021,Pixel_5,Google,2020,624.0,0.041086,-0.4583,8,4080,6.0,0.022394000000000025
Germany_2021,Germany,2021,Pixel_6,Google,2021,738.0,0.0697,0.1313,8,4614,6.4,0.022394000000000025
Germany_2021,Germany,2021,Mi_9,Xiaomi,2019,376.0,0.107666,0.2708,6,3300,6.4,0.022394000000000025
Germany_2021,Germany,2021,Mi_10,Xiaomi,2020,592.0,0.078125,-0.0973,8,4780,6.7,0.022394000000000025
Germany_2021,Germany,2021,Mi_11,Xiaomi,2021,577.0,0.061941,-0.3548,8,4600,6.8,0.022394000000000025
Germany_2021,Germany,2021,OnePlus_7_Pro,OnePlus,2019,569.0,0.116342,0.3532,8,4000,6.7,0.022394000000000025
Germany_2021,Germany,2021,OnePlus_8_Pro,OnePlus,2020,904.0,0.080698,0.0549,12,4510,6.8,0.022394000000000025
Germany_2021,Germany,2021,OnePlus_9_Pro,OnePlus,2021,954.0,0.051812,0.1772,8,4500,6.7,0.022394000000000025
Germany_2022,Germany,2022,iPhone_12,Apple,2020,675.0,0.030184,-0.1584,4,2815,6.1,0.028190999999999966
Germany_2022,Germany,2022,iPhone_12_Pro,Apple,2020,883.0,0.044245,0.4327,6,2815,6.1,0.028190999999999966
Germany_2022,Germany,2022,iPhone_13,Apple,2021,829.0,0.024426,-0.1423,4,3227,6.1,0.028190999999999966
Germany_2022,Germany,2022,iPhone_13_Pro,Apple,2021,1035.0,0.018613,-0.1932,6,3095,6.1,0.028190999999999966
Germany_2022,Germany,2022,iPhone_14,Apple,2022,1027.0,0.024548,0.0471,6,3279,6.1,0.028190999999999966
Germany_2022,Germany,2022,iPhone_14_Pro,Apple,2022,1260.0,0.010722,-0.3524,6,3200,6.1,0.028190999999999966
Germany_2022,Germany,2022,Galaxy_S20,Samsung,2020,843.0,0.066805,-0.0062,12,4000,6.2,0.028190999999999966
Germany_2022,Germany,2022,Galaxy_S21,Samsung,2021,814.0,0.037693,-0.1996,8,4000,6.2,0.028190999999999966
Germany_2022,Germany,2022,Galaxy_S22,Samsung,2022,1084.0,0.052408,0.6719,8,3700,6.1,0.028190999999999966
Germany_2022,Germany,2022,Pixel_5,Google,2020,559.0,0.056166,-0.2294,8,4080,6.0,0.028190999999999966
Germany_2022,Germany,2022,Pixel_6,Google,2021,678.0,0.106707,0.4825,8,4614,6.4,0.028190999999999966
Germany_2022,Germany,2022,Pixel_7,Google,2022,743.0,0.041866,-0.285,8,4355,6.3,0.028190999999999966
Germany_2022,Germany,2022,Mi_10,Xiaomi,2020,541.0,0.097496,0.0657,8,4780,6.7,0.028190999999999966
Germany_2022,Germany,2022,Mi_11,Xiaomi,2021,548.0,0.102003,0.1251,8,4600,6.8,0.028190999999999966
Germany_2022,Germany,2022,Xiaomi_12,Xiaomi,2022,704.0,0.062964,0.0354,8,4500,6.3,0.028190999999999966
Germany_2022,Germany,2022,OnePlus_8_Pro,OnePlus,2020,773.0,0.093245,0.0201,12,4510,6.8,0.028190999999999966
Germany_2022,Germany,2022,OnePlus_9_Pro,OnePlus,2021,875.0,0.06002,0.2154,8,4500,6.7,0.028190999999999966
Germany_2022,Germany,2022,OnePlus_10_Pro,OnePlus,2022,1049.0,0.041698,0.1043,8,5000,6.7,0.028190999999999966
Germany_2023,Germany,2023,iPhone_13,Apple,2021,708.0,0.042252,0.1942,4,3227,6.1,0.023630999999999958
Germany_2023,Germany,2023,iPhone_13_Pro,Apple,2021,893.0,0.024672,-0.1656,6,3095,6.1,0.023630999999999958
Germany_2023,Germany,2023,iPhone_14,Apple,2022,822.0,0.021911,-0.4341,6,3279,6.1,0.023630999999999958
Germany_2023,Germany,2023,iPhone_14_Pro,Apple,2022,1073.0,0.024737,0.1485,6,3200,6.1,0.023630999999999958
Germany_2023,Germany,2023,iPhone_15,Apple,2023,1057.0,0.026909,0.186,6,3349,6.1,0.023630999999999958
Germany_2023,Germany,2023,iPhone_15_Pro,Apple,2023,1327.0,0.015285,-0.0744,8,3274,6.1,0.023630999999999958
Germany_2023,Germany,2023,Galaxy_S21,Samsung,2021,737.0,0.079973,0.4113,8,4000,6.2,0.023630999999999958
Germany_2023,Germany,2023,Galaxy_S22,Samsung,2022,885.0,0.055101,0.3612,8,3700,6.1,0.023630999999999958
Germany_2023,Germany,2023,Galaxy_S23,Samsung,2023,1081.0,0.033543,0.1936,8,3900,6.1,0.023630999999999958
Germany_2023,Germany,2023,Galaxy_A54,Samsung,2023,595.0,0.074913,-0.0697,8,5000,6.4,0.023630999999999958
Germany_2023,Germany,2023,Pixel_6,Google,2021,469.0,0.057039,-0.5227,8,4614,6.4,0.023630999999999958
Germany_2023,Germany,2023,Pixel_7,Google,2022,654.0,0.062727,-0.0436,8,4355,6.3,0.023630999999999958
Germany_2023,Germany,2023,Pixel_8,Google,2023,910.0,0.026283,-0.459,8,4575,6.2,0.023630999999999958
Germany_2023,Germany,2023,Pixel_8_Pro,Google,2023,1284.0,0.021312,-0.5893,12,5050,6.7,0.023630999999999958
Germany_2023,Germany,2023,Mi_11,Xiaomi,2021,453.0,0.125886,0.1618,8,4600,6.8,0.023630999999999958
Germany_2023,Germany,2023,Xiaomi_12,Xiaomi,2022,640.0,0.091658,0.2931,8,4500,6.3,0.023630999999999958
Germany_2023,Germany,2023,Xiaomi_13,Xiaomi,2023,753.0,0.034951,-0.4876,8,4500,6.4,0.023630999999999958
Germany_2023,Germany,2023,OnePlus_9_Pro,OnePlus,2021,705.0,0.061797,-0.0641,8,4500,6.7,0.023630999999999958
Germany_2023,Germany,2023,OnePlus_10_Pro,OnePlus,2022,872.0,0.051574,-0.0044,8,5000,6.7,0.023630999999999958
Germany_2023,Germany,2023,OnePlus_11,OnePlus,2023,924.0,0.043846,-0.0731,8,5000,6.7,0.023630999999999958
Germany_2024,Germany,2024,iPhone_14,Apple,2022,721.0,0.062513,0.18,6,3279,6.1,0.02882499999999999
Germany_2024,Germany,2024,iPhone_14_Pro,Apple,2022,877.0,0.034072,-0.1367,6,3200,6.1,0.02882499999999999
Germany_2024,Germany,2024,iPhone_15,Apple,2023,895.0,0.035732,-0.0746,6,3349,6.1,0.02882499999999999
Germany_2024,Germany,2024,iPhone_15_Pro,Apple,2023,1082.0,0.028795,-0.1324,8,3274,6.1,0.02882499999999999
Germany_2024,Germany,2024,Galaxy_S22,Samsung,2022,719.0,0.061539,-0.0775,8,3700,6.1,0.02882499999999999
Germany_2024,Germany,2024,Galaxy_S23,Samsung,2023,914.0,0.06015,0.2267,8,3900,6.1,0.02882499999999999
Germany_2024,Germany,2024,Galaxy_S24,Samsung,2024,1060.0,0.024359,-0.4464,8,4000,6.2,0.02882499999999999
Germany_2024,Germany,2024,Galaxy_A54,Samsung,2023,513.0,0.157588,0.276,8,5000,6.4,0.02882499999999999
Germany_2024,Germany,2024,Pixel_7,Google,2022,543.0,0.107408,0.0441,8,4355,6.3,0.02882499999999999
Germany_2024,Germany,2024,Pixel_8,Google,2023,770.0,0.062354,-0.0975,8,4575,6.2,0.02882499999999999
Germany_2024,Germany,2024,Pixel_8_Pro,Google,2023,1132.0,0.06489,0.0052,12,5050,6.7,0.02882499999999999
Germany_2024,Germany,2024,Xiaomi_12,Xiaomi,2022,487.0,0.092158,-0.2272,8,4500,6.3,0.02882499999999999
Germany_2024,Germany,2024,Xiaomi_13,Xiaomi,2023,643.0,0.059265,-0.4079,8,4500,6.4,0.02882499999999999
Germany_2024,Germany,2024,OnePlus_10_Pro,OnePlus,2022,736.0,0.068194,-0.2202,8,5000,6.7,0.02882499999999999
Germany_2024,Germany,2024,OnePlus_11,OnePlus,2023,744.0,0.052158,-0.4739,8,5000,6.7,0.02882499999999999
China_2018,China,2018,iPhone_XS,Apple,2018,857.0,0.051173,0.0373,4,2658,5.8,0.08328999999999998
China_2018,China,2018,iPhone_XR,Apple,2018,631.0,0.063948,-0.2349,3,2942,6.1,0.08328999999999998
China_2018,China,2018,Galaxy_S9,Samsung,2018,686.0,0.261635,1.2518,4,3000,5.8,0.08328999999999998
China_2018,China,2018,Pixel_3,Google,2018,682.0,0.081862,0.1513,4,2915,5.5,0.08328999999999998
China_2018,China,2018,Mi_8,Xiaomi,2018,375.0,0.289078,0.3327,6,3400,6.2,0.08328999999999998
China_2018,China,2018,OnePlus_6,OnePlus,2018,443.0,0.169014,-0.0624,6,3300,6.3,0.08328999999999998
China_2019,China,2019,iPhone_XS,Apple,2018,707.0,0.031857,-0.2274,4,2658,5.8,0.04721900000000001
China_2019,China,2019,iPhone_XR,Apple,2018,504.0,0.058746,-0.066,3,2942,6.1,0.04721900000000001
China_2019,China,2019,iPhone_11,Apple,2019,616.0,0.070868,0.2577,4,3110,6.1,0.04721900000000001
China_2019,China,2019,iPhone_11_Pro,Apple,2019,882.0,0.03518,0.2103,4,3046,5.8,0.04721900000000001
China_2019,China,2019,Galaxy_S9,Samsung,2018,527.0,0.071188,0.1396,4,3000,5.8,0.04721900000000001
China_2019,China,2019,Galaxy_S10,Samsung,2019,824.0,0.068559,0.2398,8,3400,6.1,0.04721900000000001
China_2019,China,2019,Pixel_3,Google,2018,551.0,0.049968,-0.0913,4,2915,5.5,0.04721900000000001
China_2019,China,2019,Pixel_4,Google,2019,666.0,0.039528,-0.2933,6,2800,5.7,0.04721900000000001
China_2019,China,2019,Mi_8,Xiaomi,2018,277.0,0.14244,-0.0392,6,3400,6.2,0.04721900000000001
China_2019,China,2019,Mi_9,Xiaomi,2019,381.0,0.118856,-0.0194,6,3300,6.4,0.04721900000000001
China_2019,China,2019,OnePlus_6,OnePlus,2018,378.0,0.141581,0.1689,6,3300,6.3,0.04721900000000001
China_2019,China,2019,OnePlus_7_Pro,OnePlus,2019,591.0,0.12401,0.1279,8,4000,6.7,0.04721900000000001
China_2020,China,2020,iPhone_XS,Apple,2018,579.0,0.03121,0.0096,4,2658,5.8,0.02908900000000003
China_2020,China,2020,iPhone_XR,Apple,2018,433.0,0.036236,-0.1743,3,2942,6.1,0.02908900000000003
China_2020,China,2020,iPhone_11,Apple,2019,514.0,0.037002,-0.0774,4,3110,6.1,0.02908900000000003
China_2020,China,2020,iPhone_11_Pro,Apple,2019,710.0,0.018994,-0.2454,4,3046,5.8,0.02908900000000003
China_2020,China,2020,iPhone_12,Apple,2020,690.0,0.024873,-0.052,4,2815,6.1,0.02908900000000003
China_2020,China,2020,iPhone_12_Pro,Apple,2020,877.0,0.023303,0.1158,6,2815,6.1,0.02908900000000003
China_2020,China,2020,Galaxy_S9,Samsung,2018,398.0,0.041952,-0.1339,4,3000,5.8,0.02908900000000003
China_2020,China,2020,Galaxy_S10,Samsung,2019,650.0,0.03588,-0.2197,8,3400,6.1,0.02908900000000003
China_2020,China,2020,Galaxy_S20,Samsung,2020,857.0,0.043573,-0.1152,12,4000,6.2,0.02908900000000003
China_2020,China,2020,Pixel_3,Google,2018,499.0,0.04718,0.276,4,2915,5.5,0.02908900000000003
China_2020,China,2020,Pixel_4,Google,2019,578.0,0.048555,0.2739,6,2800,5.7,0.02908900000000003
China_2020,China,2020,Pixel_5,Google,2020,637.0,0.043405,-0.1195,8,4080,6.0,0.02908900000000003
China_2020,China,2020,Mi_8,Xiaomi,2018,229.0,0.107304,0.1271,6,3400,6.2,0.02908900000000003
China_2020,China,2020,Mi_9,Xiaomi,2019,324.0,0.078493,-0.0046,6,3300,6.4,0.02908900000000003
China_2020,China,2020,Mi_10,Xiaomi,2020,564.0,0.09906,0.321,8,4780,6.7,0.02908900000000003
China_2020,China,2020,OnePlus_6,OnePlus,2018,307.0,0.084174,0.0479,6,3300,6.3,0.02908900000000003
China_2020,China,2020,OnePlus_7_Pro,OnePlus,2019,485.0,0.074034,-0.0504,8,4000,6.7,0.02908900000000003
China_2020,China,2020,OnePlus_8_Pro,OnePlus,2020,816.0,0.095683,0.4,12,4510,6.8,0.02908900000000003
China_2021,China,2021,iPhone_11,Apple,2019,422.0,0.04166,-0.1524,4,3110,6.1,0.02951300000000001
China_2021,China,2021,iPhone_11_Pro,Apple,2019,620.0,0.033932,0.1456,4,3046,5.8,0.02951300000000001
China_2021,China,2021,iPhone_12,Apple,2020,599.0,0.031702,-0.0008,4,2815,6.1,0.02951300000000001
China_2021,China,2021,iPhone_12_Pro,Apple,2020,702.0,0.016569,-0.5984,6,2815,6.1,0.02951300000000001
China_2021,China,2021,iPhone_13,Apple,2021,735.0,0.023523,-0.0495,4,3227,6.1,0.02951300000000001
China_2021,China,2021,iPhone_13_Pro,Apple,2021,897.0,0.018419,-0.0971,6,3095,6.1,0.02951300000000001
China_2021,China,2021,Galaxy_S10,Samsung,2019,587.0,0.069228,0.3144,8,3400,6.1,0.02951300000000001
China_2021,China,2021,Galaxy_S20,Samsung,2020,733.0,0.045943,-0.3106,12,4000,6.2,0.02951300000000001
China_2021,China,2021,Galaxy_S21,Samsung,2021,763.0,0.060769,0.4792,8,4000,6.2,0.02951300000000001
China_2021,China,2021,Pixel_4,Google,2019,515.0,0.051918,0.2142,6,2800,5.7,0.02951300000000001
China_2021,China,2021,Pixel_5,Google,2020,526.0,0.057359,-0.0695,8,4080,6.0,0.02951300000000001
China_2021,China,2021,Pixel_6,Google,2021,531.0,0.063257,-0.1047,8,4614,6.4,0.02951300000000001
China_2021,China,2021,Mi_9,Xiaomi,2019,282.0,0.072859,-0.1596,6,3300,6.4,0.02951300000000001
China_2021,China,2021,Mi_10,Xiaomi,2020,427.0,0.103595,0.0798,8,4780,6.7,0.02951300000000001
China_2021,China,2021,Mi_11,Xiaomi,2021,458.0,0.07325,-0.197,8,4600,6.8,0.02951300000000001
China_2021,China,2021,OnePlus_7_Pro,OnePlus,2019,408.0,0.088192,-0.0293,8,4000,6.7,0.02951300000000001
China_2021,China,2021,OnePlus_8_Pro,OnePlus,2020,670.0,0.065769,-0.2716,12,4510,6.8,0.02951300000000001
China_2021,China,2021,OnePlus_9_Pro,OnePlus,2021,765.0,0.052543,0.1782,8,4500,6.7,0.02951300000000001
China_2022,China,2022,iPhone_12,Apple,2020,506.0,0.021395,-0.6066,4,2815,6.1,0.037171000000000065
China_2022,China,2022,iPhone_12_Pro,Apple,2020,688.0,0.036743,0.1589,6,2815,6.1,0.037171000000000065
China_2022,China,2022,iPhone_13,Apple,2021,626.0,0.025101,-0.2323,4,3227,6.1,0.037171000000000065
China_2022,China,2022,iPhone_13_Pro,Apple,2021,816.0,0.02567,0.0483,6,3095,6.1,0.037171000000000065
China_2022,China,2022,iPhone_14,Apple,2022,771.0,0.020818,-0.2823,6,3279,6.1,0.037171000000000065
China_2022,China,2022,iPhone_14_Pro,Apple,2022,1002.0,0.016512,0.0037,6,3200,6.1,0.037171000000000065
China_2022,China,2022,Galaxy_S20,Samsung,2020,614.0,0.040197,-0.7176,12,4000,6.2,0.037171000000000065
China_2022,China,2022,Galaxy_S21,Samsung,2021,646.0,0.048716,-0.0084,8,4000,6.2,0.037171000000000065
China_2022,China,2022,Galaxy_S22,Samsung,2022,798.0,0.026716,-0.2188,8,3700,6.1,0.037171000000000065
China_2022,China,2022,Pixel_5,Google,2020,439.0,0.054735,-0.3169,8,4080,6.0,0.037171000000000065
China_2022,China,2022,Pixel_6,Google,2021,493.0,0.093295,0.191,8,4614,6.4,0.037171000000000065
China_2022,China,2022,Pixel_7,Google,2022,588.0,0.057683,-0.0297,8,4355,6.3,0.037171000000000065
China_2022,China,2022,Mi_10,Xiaomi,2020,407.0,0.094899,-0.061,8,4780,6.7,0.037171000000000065
China_2022,China,2022,Mi_11,Xiaomi,2021,395.0,0.086277,-0.1811,8,4600,6.8,0.037171000000000065
China_2022,China,2022,Xiaomi_12,Xiaomi,2022,566.0,0.079367,0.2236,8,4500,6.3,0.037171000000000065
China_2022,China,2022,OnePlus_8_Pro,OnePlus,2020,594.0,0.092564,-0.1087,12,4510,6.8,0.037171000000000065
China_2022,China,2022,OnePlus_9_Pro,OnePlus,2021,649.0,0.083077,0.3719,8,4500,6.7,0.037171000000000065
China_2022,China,2022,OnePlus_10_Pro,OnePlus,2022,802.0,0.059064,0.3074,8,5000,6.7,0.037171000000000065
China_2023,China,2023,iPhone_13,Apple,2021,569.0,0.032507,0.1138,4,3227,6.1,0.024747999999999992
China_2023,China,2023,iPhone_13_Pro,Apple,2021,684.0,0.022166,-0.1689,6,3095,6.1,0.024747999999999992
China_2023,China,2023,iPhone_14,Apple,2022,706.0,0.044089,0.5451,6,3279,6.1,0.024747999999999992
China_2023,China,2023,iPhone_14_Pro,Apple,2022,847.0,0.021586,0.1506,6,3200,6.1,0.024747999999999992
China_2023,China,2023,iPhone_15,Apple,2023,813.0,0.017495,-0.1522,6,3349,6.1,0.024747999999999992
China_2023,China,2023,iPhone_15_Pro,Apple,2023,1002.0,0.011304,-0.3518,8,3274,6.1,0.024747999999999992
China_2023,China,2023,Galaxy_S21,Samsung,2021,577.0,0.05424,0.1744,8,4000,6.2,0.024747999999999992
China_2023,China,2023,Galaxy_S22,Samsung,2022,698.0,0.046658,0.346,8,3700,6.1,0.024747999999999992
China_2023,China,2023,Galaxy_S23,Samsung,2023,809.0,0.029177,0.0968,8,3900,6.1,0.024747999999999992
China_2023,China,2023,Galaxy_A54,Samsung,2023,452.0,0.076442,0.0825,8,5000,6.4,0.024747999999999992
China_2023,China,2023,Pixel_6,Google,2021,436.0,0.102776,0.3897,8,4614,6.4,0.024747999999999992
China_2023,China,2023,Pixel_7,Google,2022,522.0,0.063574,0.1496,8,4355,6.3,0.024747999999999992
China_2023,China,2023,Pixel_8,Google,2023,697.0,0.031803,-0.1645,8,4575,6.2,0.024747999999999992
China_2023,China,2023,Pixel_8_Pro,Google,2023,1022.0,0.028362,-0.1537,12,5050,6.7,0.024747999999999992
China_2023,China,2023,Mi_11,Xiaomi,2021,344.0,0.105902,0.1389,8,4600,6.8,0.024747999999999992
China_2023,China,2023,Xiaomi_12,Xiaomi,2022,472.0,0.070496,0.1255,8,4500,6.3,0.024747999999999992
China_2023,China,2023,Xiaomi_13,Xiaomi,2023,639.0,0.057663,0.272,8,4500,6.4,0.024747999999999992
China_2023,China,2023,OnePlus_9_Pro,OnePlus,2021,542.0,0.063318,0.0922,8,4500,6.7,0.024747999999999992
China_2023,China,2023,OnePlus_10_Pro,OnePlus,2022,688.0,0.052709,0.17,8,5000,6.7,0.024747999999999992
China_2023,China,2023,OnePlus_11,OnePlus,2023,743.0,0.042985,0.087,8,5000,6.7,0.024747999999999992
China_2024,China,2024,iPhone_14,Apple,2022,543.0,0.041001,-0.103,6,3279,6.1,0.03107099999999996
China_2024,China,2024,iPhone_14_Pro,Apple,2022,694.0,0.0295,-0.0906,6,3200,6.1,0.03107099999999996
China_2024,China,2024,iPhone_15,Apple,2023,657.0,0.022747,-0.4498,6,3349,6.1,0.03107099999999996
China_2024,China,2024,iPhone_15_Pro,Apple,2023,818.0,0.013616,-0.7918,8,3274,6.1,0.03107099999999996
China_2024,China,2024,Galaxy_S22,Samsung,2022,572.0,0.06703,0.2098,8,3700,6.1,0.03107099999999996
China_2024,China,2024,Galaxy_S23,Samsung,2023,696.0,0.056145,0.2814,8,3900,6.1,0.03107099999999996
China_2024,China,2024,Galaxy_S24,Samsung,2024,771.0,0.019553,-0.6404,8,4000,6.2,0.03107099999999996
China_2024,China,2024,Galaxy_A54,Samsung,2023,402.0,0.108844,0.1045,8,5000,6.4,0.03107099999999996
China_2024,China,2024,Pixel_7,Google,2022,426.0,0.089075,0.0543,8,4355,6.3,0.03107099999999996
China_2024,China,2024,Pixel_8,Google,2023,565.0,0.044914,-0.331,8,4575,6.2,0.03107099999999996
China_2024,China,2024,Pixel_8_Pro,Google,2023,880.0,0.071106,0.2245,12,5050,6.7,0.03107099999999996
China_2024,China,2024,Xiaomi_12,Xiaomi,2022,401.0,0.120557,0.2845,8,4500,6.3,0.03107099999999996
China_2024,China,2024,Xiaomi_13,Xiaomi,2023,515.0,0.093842,0.2648,8,4500,6.4,0.03107099999999996
China_2024,China,2024,OnePlus_10_Pro,OnePlus,2022,606.0,0.1028,0.4362,8,5000,6.7,0.03107099999999996
China_2024,China,2024,OnePlus_11,OnePlus,2023,591.0,0.088199,0.25,8,5000,6.7,0.03107099999999996
India_2018,India,2018,iPhone_XS,Apple,2018,1174.0,0.004815,-0.2774,4,2658,5.8,0.7380329999999999
India_2018,India,2018,iPhone_XR,Apple,2018,890.0,0.012269,-0.4613,3,2942,6.1,0.7380329999999999
India_2018,India,2018,Galaxy_S9,Samsung,2018,846.0,0.019702,-0.2214,4,3000,5.8,0.7380329999999999
India_2018,India,2018,Pixel_3,Google,2018,940.0,0.011945,-0.2757,4,2915,5.5,0.7380329999999999
India_2018,India,2018,Mi_8,Xiaomi,2018,479.0,0.151985,-0.0114,6,3400,6.2,0.7380329999999999
India_2018,India,2018,OnePlus_6,OnePlus,2018,609.0,0.061251,-0.4083,6,3300,6.3,0.7380329999999999
India_2019,India,2019,iPhone_XS,Apple,2018,984.0,0.00771,-0.2312,4,2658,5.8,0.47927200000000003
India_2019,India,2019,iPhone_XR,Apple,2018,755.0,0.031552,0.2693,3,2942,6.1,0.47927200000000003
India_2019,India,2019,iPhone_11,Apple,2019,820.0,0.018424,-0.1303,4,3110,6.1,0.47927200000000003
India_2019,India,2019,iPhone_11_Pro,Apple,2019,1191.0,0.002815,-0.4574,4,3046,5.8,0.47927200000000003
India_2019,India,2019,Galaxy_S9,Samsung,2018,721.0,0.032227,0.1061,4,3000,5.8,0.47927200000000003
India_2019,India,2019,Galaxy_S10,Samsung,2019,1082.0,0.01003,-0.1769,8,3400,6.1,0.47927200000000003
India_2019,India,2019,Pixel_3,Google,2018,810.0,0.019686,0.0394,4,2915,5.5,0.47927200000000003
India_2019,India,2019,Pixel_4,Google,2019,1016.0,0.013111,0.214,6,2800,5.7,0.47927200000000003
India_2019,India,2019,Mi_8,Xiaomi,2018,397.0,0.163457,0.0892,6,3400,6.2,0.47927200000000003
India_2019,India,2019,Mi_9,Xiaomi,2019,569.0,0.096505,0.2222,6,3300,6.4,0.47927200000000003
India_2019,India,2019,OnePlus_6,OnePlus,2018,502.0,0.071583,-0.3245,6,3300,6.3,0.47927200000000003
India_2019,India,2019,OnePlus_7_Pro,OnePlus,2019,830.0,0.053628,0.2996,8,4000,6.7,0.47927200000000003
India_2020,India,2020,iPhone_XS,Apple,2018,849.0,0.013657,0.1828,4,2658,5.8,0.41055299999999995
India_2020,India,2020,iPhone_XR,Apple,2018,645.0,0.031195,0.1987,3,2942,6.1,0.41055299999999995
India_2020,India,2020,iPhone_11,Apple,2019,710.0,0.022028,-0.0093,4,3110,6.1,0.41055299999999995
India_2020,India,2020,iPhone_11_Pro,Apple,2019,976.0,0.004527,-0.4598,4,3046,5.8,0.41055299999999995
India_2020,India,2020,iPhone_12,Apple,2020,992.0,0.008704,0.2255,4,2815,6.1,0.41055299999999995
India_2020,India,2020,iPhone_12_Pro,Apple,2020,1217.0,0.00271,-0.2555,6,2815,6.1,0.41055299999999995
India_2020,India,2020,Galaxy_S9,Samsung,2018,572.0,0.03279,-0.0903,4,3000,5.8,0.41055299999999995
India_2020,India,2020,Galaxy_S10,Samsung,2019,908.0,0.01414,-0.1435,8,3400,6.1,0.41055299999999995
India_2020,India,2020,Galaxy_S20,Samsung,2020,1196.0,0.006674,-0.3599,12,4000,6.2,0.41055299999999995
India_2020,India,2020,Pixel_3,Google,2018,661.0,0.023471,0.0015,4,2915,5.5,0.41055299999999995
India_2020,India,2020,Pixel_4,Google,2019,825.0,0.016273,0.0507,6,2800,5.7,0.41055299999999995
India_2020,India,2020,Pixel_5,Google,2020,867.0,0.021042,0.0283,8,4080,6.0,0.41055299999999995
India_2020,India,2020,Mi_8,Xiaomi,2018,329.0,0.126784,-0.0523,6,3400,6.2,0.41055299999999995
India_2020,India,2020,Mi_9,Xiaomi,2019,450.0,0.070286,-0.1862,6,3300,6.4,0.41055299999999995
India_2020,India,2020,Mi_10,Xiaomi,2020,776.0,0.053167,0.3673,8,4780,6.7,0.41055299999999995
India_2020,India,2020,OnePlus_6,OnePlus,2018,456.0,0.084873,0.0463,6,3300,6.3,0.41055299999999995
India_2020,India,2020,OnePlus_7_Pro,OnePlus,2019,671.0,0.040394,-0.2339,8,4000,6.7,0.41055299999999995
India_2020,India,2020,OnePlus_8_Pro,OnePlus,2020,1129.0,0.016732,0.1101,12,4510,6.8,0.41055299999999995
India_2021,India,2021,iPhone_11,Apple,2019,637.0,0.047498,0.4655,4,3110,6.1,0.398462
India_2021,India,2021,iPhone_11_Pro,Apple,2019,898.0,0.012266,0.2233,4,3046,5.8,0.398462
India_2021,India,2021,iPhone_12,Apple,2020,832.0,0.012362,-0.0652,4,2815,6.1,0.398462
India_2021,India,2021,iPhone_12_Pro,Apple,2020,1082.0,0.007321,0.2054,6,2815,6.1,0.398462
India_2021,India,2021,iPhone_13,Apple,2021,1029.0,0.006228,-0.0122,4,3227,6.1,0.398462
India_2021,India,2021,iPhone_13_Pro,Apple,2021,1289.0,0.001853,-0.3743,6,3095,6.1,0.398462
India_2021,India,2021,Galaxy_S10,Samsung,2019,821.0,0.030643,0.2989,8,3400,6.1,0.398462
India_2021,India,2021,Galaxy_S20,Samsung,2020,1069.0,0.018003,0.1644,12,4000,6.2,0.398462
India_2021,India,2021,Galaxy_S21,Samsung,2021,1059.0,0.020832,0.7729,8,4000,6.2,0.398462
India_2021,India,2021,Pixel_4,Google,2019,697.0,0.023269,-0.0964,6,2800,5.7,0.398462
India_2021,India,2021,Pixel_5,Google,2020,773.0,0.03654,0.2213,8,4080,6.0,0.398462
India_2021,India,2021,Pixel_6,Google,2021,775.0,0.028961,-0.1473,8,4614,6.4,0.398462
India_2021,India,2021,Mi_9,Xiaomi,2019,386.0,0.090794,-0.1789,6,3300,6.4,0.398462
India_2021,India,2021,Mi_10,Xiaomi,2020,685.0,0.096922,0.6208,8,4780,6.7,0.398462
India_2021,India,2021,Mi_11,Xiaomi,2021,612.0,0.043197,-0.4778,8,4600,6.8,0.398462
India_2021,India,2021,OnePlus_7_Pro,OnePlus,2019,577.0,0.07515,0.0279,8,4000,6.7,0.398462
India_2021,India,2021,OnePlus_8_Pro,OnePlus,2020,991.0,0.040098,0.472,12,4510,6.8,0.398462
India_2021,India,2021,OnePlus_9_Pro,OnePlus,2021,1012.0,0.009601,-0.3497,8,4500,6.7,0.398462
India_2022,India,2022,iPhone_12,Apple,2020,731.0,0.016933,-0.184,4,2815,6.1,0.48972000000000004
India_2022,India,2022,iPhone_12_Pro,Apple,2020,910.0,0.00904,-0.3049,6,2815,6.1,0.48972000000000004
India_2022,India,2022,iPhone_13,Apple,2021,936.0,0.011056,0.1603,4,3227,6.1,0.48972000000000004
India_2022,India,2022,iPhone_13_Pro,Apple,2021,1124.0,0.00349,-0.4343,6,3095,6.1,0.48972000000000004
India_2022,India,2022,iPhone_14,Apple,2022,1124.0,0.006736,0.2011,6,3279,6.1,0.48972000000000004
India_2022,India,2022,iPhone_14_Pro,Apple,2022,1429.0,0.002461,0.4236,6,3200,6.1,0.48972000000000004
India_2022,India,2022,Galaxy_S20,Samsung,2020,967.0,0.041612,0.5542,12,4000,6.2,0.48972000000000004
India_2022,India,2022,Galaxy_S21,Samsung,2021,929.0,0.012792,-0.2709,8,4000,6.2,0.48972000000000004
India_2022,India,2022,Galaxy_S22,Samsung,2022,1119.0,0.008597,0.1477,8,3700,6.1,0.48972000000000004
India_2022,India,2022,Pixel_5,Google,2020,650.0,0.043151,-0.1406,8,4080,6.0,0.48972000000000004
India_2022,India,2022,Pixel_6,Google,2021,714.0,0.060313,0.3061,8,4614,6.4,0.48972000000000004
India_2022,India,2022,Pixel_7,Google,2022,838.0,0.028349,0.0983,8,4355,6.3,0.48972000000000004
India_2022,India,2022,Mi_10,Xiaomi,2020,547.0,0.087205,-0.0731,8,4780,6.7,0.48972000000000004
India_2022,India,2022,Mi_11,Xiaomi,2021,553.0,0.07283,-0.2276,8,4600,6.8,0.48972000000000004
India_2022,India,2022,Xiaomi_12,Xiaomi,2022,753.0,0.033493,-0.0924,8,4500,6.3,0.48972000000000004
India_2022,India,2022,OnePlus_8_Pro,OnePlus,2020,835.0,0.041051,-0.1686,12,4510,6.8,0.48972000000000004
India_2022,India,2022,OnePlus_9_Pro,OnePlus,2021,906.0,0.021448,-0.0061,8,4500,6.7,0.48972000000000004
India_2022,India,2022,OnePlus_10_Pro,OnePlus,2022,1122.0,0.009723,0.0068,8,5000,6.7,0.48972000000000004
India_2023,India,2023,iPhone_13,Apple,2021,769.0,0.014654,-0.2005,4,3227,6.1,0.38910500000000003
India_2023,India,2023,iPhone_13_Pro,Apple,2021,950.0,0.010048,-0.0425,6,3095,6.1,0.38910500000000003
India_2023,India,2023,iPhone_14,Apple,2022,963.0,0.012365,0.195,6,3279,6.1,0.38910500000000003
India_2023,India,2023,iPhone_14_Pro,Apple,2022,1163.0,0.002936,-0.4334,6,3200,6.1,0.38910500000000003
India_2023,India,2023,iPhone_15,Apple,2023,1163.0,0.00506,0.093,6,3349,6.1,0.38910500000000003
India_2023,India,2023,iPhone_15_Pro,Apple,2023,1434.0,0.001583,-0.1997,8,3274,6.1,0.38910500000000003
India_2023,India,2023,Galaxy_S21,Samsung,2021,782.0,0.029222,0.001,8,4000,6.2,0.38910500000000003
India_2023,India,2023,Galaxy_S22,Samsung,2022,929.0,0.015599,0.0172,8,3700,6.1,0.38910500000000003
India_2023,India,2023,Galaxy_S23,Samsung,2023,1125.0,0.004673,-0.4283,8,3900,6.1,0.38910500000000003
India_2023,India,2023,Galaxy_A54,Samsung,2023,690.0,0.091904,0.6188,8,5000,6.4,0.38910500000000003
India_2023,India,2023,Pixel_6,Google,2021,583.0,0.064245,-0.1209,8,4614,6.4,0.38910500000000003
India_2023,India,2023,Pixel_7,Google,2022,730.0,0.055605,0.3737,8,4355,6.3,0.38910500000000003
India_2023,India,2023,Pixel_8,Google,2023,1009.0,0.008503,-0.3946,8,4575,6.2,0.38910500000000003
India_2023,India,2023,Pixel_8_Pro,Google,2023,1430.0,0.003909,-0.1499,12,5050,6.7,0.38910500000000003
India_2023,India,2023,Mi_11,Xiaomi,2021,486.0,0.142533,0.2096,8,4600,6.8,0.38910500000000003
India_2023,India,2023,Xiaomi_12,Xiaomi,2022,663.0,0.048401,-0.0504,8,4500,6.3,0.38910500000000003
India_2023,India,2023,Xiaomi_13,Xiaomi,2023,890.0,0.025834,0.2097,8,4500,6.4,0.38910500000000003
India_2023,India,2023,OnePlus_9_Pro,OnePlus,2021,792.0,0.038951,0.1683,8,4500,6.7,0.38910500000000003
India_2023,India,2023,OnePlus_10_Pro,OnePlus,2022,931.0,0.016448,-0.1978,8,5000,6.7,0.38910500000000003
India_2023,India,2023,OnePlus_11,OnePlus,2023,1031.0,0.018422,0.3156,8,5000,6.7,0.38910500000000003
India_2024,India,2024,iPhone_14,Apple,2022,785.0,0.025172,0.0255,6,3279,6.1,0.45804500000000004
India_2024,India,2024,iPhone_14_Pro,Apple,2022,981.0,0.010895,-0.0184,6,3200,6.1,0.45804500000000004
India_2024,India,2024,iPhone_15,Apple,2023,960.0,0.011741,-0.0455,6,3349,6.1,0.45804500000000004
India_2024,India,2024,iPhone_15_Pro,Apple,2023,1202.0,0.005954,0.0305,8,3274,6.1,0.45804500000000004
India_2024,India,2024,Galaxy_S22,Samsung,2022,754.0,0.029073,-0.2269,8,3700,6.1,0.45804500000000004
India_2024,India,2024,Galaxy_S23,Samsung,2023,926.0,0.01095,-0.5394,8,3900,6.1,0.45804500000000004
India_2024,India,2024,Galaxy_S24,Samsung,2024,1196.0,0.00657,-0.0022,8,4000,6.2,0.45804500000000004
India_2024,India,2024,Galaxy_A54,Samsung,2023,523.0,0.096048,-0.1719,8,5000,6.4,0.45804500000000004
India_2024,India,2024,Pixel_7,Google,2022,586.0,0.090107,0.1137,8,4355,6.3,0.45804500000000004
India_2024,India,2024,Pixel_8,Google,2023,852.0,0.024331,-0.138,8,4575,6.2,0.45804500000000004
India_2024,India,2024,Pixel_8_Pro,Google,2023,1197.0,0.008427,-0.4745,12,5050,6.7,0.45804500000000004
India_2024,India,2024,Xiaomi_12,Xiaomi,2022,536.0,0.097006,-0.03,8,4500,6.3,0.45804500000000004
India_2024,India,2024,Xiaomi_13,Xiaomi,2023,745.0,0.057491,0.2629,8,4500,6.4,0.45804500000000004
India_2024,India,2024,OnePlus_10_Pro,OnePlus,2022,799.0,0.043421,0.0782,8,5000,6.7,0.45804500000000004
India_2024,India,2024,OnePlus_11,OnePlus,2023,831.0,0.024769,-0.3551,8,5000,6.7,0.45804500000000004
